,beanie_pval,direction,robust,excluded_LUAD_9,excluded_LUAD_3,excluded_LUAD_0,excluded_LUAD_21,excluded_LUAD_4,excluded_LUAD_10,excluded_LUAD_16,excluded_LUAD_5,excluded_LUAD_7,excluded_LUAD_1,excluded_LUAD_13,excluded_LUAD_6,excluded_LUAD_2,excluded_LUAD_11,excluded_LUAD_8,excluded_LUAD_14
HALLMARK_ADIPOGENESIS,0.71038,late_stage,False,0.0,1.0,0.0,1.0,1.0,1.0,1.0,1.0,1.0,1.0,1.0,1.0,1.0,1.0,1.0,1.0
HALLMARK_ALLOGRAFT_REJECTION,0.21206,late_stage,False,6.571428571428571,11.428571428571427,0.0,0.0,0.5714285714285714,0.7142857142857143,0.4285714285714285,0.4285714285714285,0.2857142857142857,0.5714285714285714,0.2857142857142857,0.2857142857142857,2.714285714285714,0.4285714285714285,0.7142857142857143,0.14285714285714285
HALLMARK_ANDROGEN_RESPONSE,0.69955,early_stage,False,0.0,1.0,1.0,0.0,1.0,1.0,1.0,1.0,1.0,1.0,1.0,1.0,1.0,1.0,1.0,1.0
HALLMARK_ANGIOGENESIS,0.96114,late_stage,False,0.0,1.0,1.0,1.0,1.0,1.0,1.0,1.0,1.0,1.0,1.0,1.0,1.0,1.0,1.0,1.0
HALLMARK_APICAL_JUNCTION,0.8539399999999999,early_stage,False,0.0,1.0,1.0,1.0,1.0,1.0,1.0,1.0,1.0,1.0,1.0,1.0,1.0,1.0,1.0,1.0
HALLMARK_APICAL_SURFACE,0.16989,late_stage,False,1.1666666666666667,5.666666666666668,0.0,5.500000000000001,1.5,1.8333333333333333,1.8333333333333333,3.0,0.6666666666666667,1.0,0.8333333333333334,0.5,1.5,0.16666666666666669,0.6666666666666667,1.1666666666666667
HALLMARK_APOPTOSIS,0.82425,late_stage,False,0.0,1.0,1.0,1.0,1.0,1.0,1.0,1.0,1.0,1.0,1.0,1.0,1.0,1.0,1.0,1.0
HALLMARK_BILE_ACID_METABOLISM,0.5593600000000001,early_stage,False,1.0,1.0,0.0,1.0,1.0,0.0,1.0,1.0,1.0,1.0,1.0,1.0,1.0,1.0,1.0,1.0
HALLMARK_CHOLESTEROL_HOMEOSTASIS,0.39179,late_stage,False,0.0,2.0,0.0,0.0,1.0,0.0,0.0,0.0,2.0,0.0,1.0,0.0,3.0,0.0,0.0,0.0
HALLMARK_COAGULATION,0.33319,early_stage,False,0.0,0.0,1.0,0.0,1.0,1.0,0.0,1.0,1.0,1.0,0.0,0.0,0.0,0.0,0.0,1.0
HALLMARK_COMPLEMENT,0.73088,late_stage,False,0.0,0.0,1.0,1.0,1.0,1.0,1.0,1.0,1.0,1.0,1.0,1.0,1.0,1.0,1.0,1.0
HALLMARK_DNA_REPAIR,0.5161899999999999,late_stage,False,0.0,1.0,0.0,1.0,1.0,1.0,1.0,1.0,1.0,1.0,0.0,0.0,0.0,1.0,1.0,1.0
HALLMARK_E2F_TARGETS,0.92548,early_stage,False,1.0,0.0,0.0,0.0,1.0,1.0,1.0,1.0,1.0,1.0,1.0,1.0,1.0,1.0,1.0,1.0
HALLMARK_EPITHELIAL_MESENCHYMAL_TRANSITION,0.31714000000000003,late_stage,False,2.0,2.0,3.0,2.0,11.0,7.000000000000001,2.0,1.0,7.000000000000001,7.000000000000001,0.0,0.0,0.0,0.0,0.0,0.0
HALLMARK_ESTROGEN_RESPONSE_EARLY,0.54892,early_stage,False,1.0,1.0,0.0,1.0,1.0,1.0,1.0,1.0,1.0,1.0,1.0,0.0,1.0,0.0,0.0,0.0
HALLMARK_ESTROGEN_RESPONSE_LATE,0.86044,late_stage,False,0.0,1.0,1.0,1.0,1.0,1.0,1.0,1.0,1.0,1.0,1.0,1.0,1.0,1.0,1.0,1.0
HALLMARK_FATTY_ACID_METABOLISM,0.90804,late_stage,False,0.0,1.0,1.0,0.0,1.0,1.0,1.0,1.0,1.0,1.0,1.0,1.0,1.0,1.0,1.0,1.0
HALLMARK_G2M_CHECKPOINT,0.6485,late_stage,False,1.0,1.0,0.0,0.0,1.0,1.0,1.0,1.0,1.0,1.0,0.0,0.0,0.0,1.0,1.0,1.0
HALLMARK_GLYCOLYSIS,0.95863,late_stage,False,0.0,1.0,1.0,0.0,1.0,1.0,1.0,1.0,1.0,1.0,1.0,1.0,1.0,1.0,1.0,1.0
HALLMARK_HEDGEHOG_SIGNALING,0.80079,early_stage,True,1.0,1.0,1.0,1.0,1.0,1.0,1.0,1.0,1.0,1.0,1.0,1.0,1.0,1.0,1.0,1.0
HALLMARK_HEME_METABOLISM,0.25716,late_stage,False,1.0,0.0,0.0,0.0,0.0,0.0,0.0,0.0,0.0,0.0,0.0,0.0,0.0,0.0,0.0,1.0
HALLMARK_HYPOXIA,0.27741,late_stage,False,4.0,11.0,3.0,1.0,2.0,8.0,0.0,0.0,10.0,1.0,3.0,3.0,4.0,0.0,0.0,0.0
HALLMARK_IL2_STAT5_SIGNALING,0.12855,early_stage,False,4.1875,0.0625,2.125,0.9375,1.0625,0.125,0.0625,0.75,0.125,0.625,2.0625,1.625,0.3125,1.7500000000000002,3.0,3.5000000000000004
HALLMARK_IL6_JAK_STAT3_SIGNALING,0.92585,late_stage,False,0.0,0.0,1.0,1.0,1.0,1.0,1.0,1.0,1.0,1.0,1.0,1.0,1.0,1.0,1.0,1.0
HALLMARK_INFLAMMATORY_RESPONSE,0.19472,early_stage,False,19.6,0.0,9.6,0.2,1.0,0.2,0.6,0.6,0.0,0.7999999999999999,6.199999999999998,6.4,1.0,3.8,4.0,0.0
HALLMARK_INTERFERON_ALPHA_RESPONSE,0.32961,early_stage,False,0.0,1.0,0.0,1.0,1.0,1.0,1.0,1.0,0.0,0.0,1.0,1.0,1.0,1.0,0.0,0.0
HALLMARK_INTERFERON_GAMMA_RESPONSE,0.3012,early_stage,False,0.0,1.0,0.0,1.0,1.0,1.0,0.0,1.0,1.0,0.0,1.0,1.0,1.0,1.0,0.0,0.0
HALLMARK_KRAS_SIGNALING_DN,0.68042,late_stage,False,1.0,1.0,1.0,1.0,1.0,0.0,1.0,1.0,1.0,1.0,1.0,1.0,1.0,1.0,1.0,1.0
HALLMARK_KRAS_SIGNALING_UP,0.8914,early_stage,False,0.0,0.0,0.0,1.0,1.0,1.0,1.0,1.0,1.0,1.0,1.0,1.0,1.0,1.0,1.0,1.0
HALLMARK_MITOTIC_SPINDLE,0.15922,early_stage,False,0.0,2.0,0.3,0.3,0.7000000000000001,0.4,0.5,1.3,1.4999999999999998,1.7,1.0,0.7999999999999999,0.1,2.2,2.3,5.4
HALLMARK_MTORC1_SIGNALING,0.3129,late_stage,False,0.0,1.0,0.0,1.0,0.0,0.0,1.0,1.0,1.0,1.0,0.0,0.0,0.0,0.0,0.0,1.0
HALLMARK_MYC_TARGETS_V1,0.1121,late_stage,False,0.0,0.0,2.3255813953488373,0.0,0.4418604651162791,0.3023255813953489,0.02325581395348837,0.04651162790697674,0.06976744186046513,0.02325581395348837,1.8837209302325584,2.046511627906977,2.069767441860465,1.0697674418604652,1.0697674418604652,0.5116279069767442
HALLMARK_MYC_TARGETS_V2,0.41225,late_stage,False,0.0,0.0,1.0,0.0,1.0,0.0,0.0,0.0,0.0,0.0,4.0,6.0,3.5000000000000004,0.0,0.0,0.0
HALLMARK_MYOGENESIS,0.3214,early_stage,False,0.0,0.0,1.0,0.0,0.0,0.0,0.0,1.0,1.0,1.0,0.0,0.0,0.0,1.0,0.0,0.0
HALLMARK_NOTCH_SIGNALING,0.67206,late_stage,False,1.0,0.0,1.0,0.0,1.0,1.0,1.0,1.0,1.0,1.0,1.0,1.0,1.0,1.0,1.0,1.0
HALLMARK_OXIDATIVE_PHOSPHORYLATION,0.80686,late_stage,False,0.0,1.0,0.0,1.0,1.0,1.0,1.0,1.0,1.0,1.0,1.0,1.0,1.0,1.0,1.0,1.0
HALLMARK_P53_PATHWAY,0.12812,early_stage,False,6.466666666666668,0.0,3.733333333333334,1.2,1.2,0.33333333333333337,0.7333333333333334,0.4,0.33333333333333337,0.7333333333333334,0.7333333333333334,1.2,0.6,0.7333333333333334,1.4666666666666668,4.533333333333334
HALLMARK_PANCREAS_BETA_CELLS,0.02434,early_stage,False,1.282051282051282,1.0512820512820509,0.4743589743589744,0.7820512820512819,1.1794871794871795,1.1538461538461535,0.9615384615384616,1.1794871794871795,0.8717948717948718,0.9871794871794872,0.9487179487179488,1.0128205128205128,0.8974358974358974,0.858974358974359,0.7820512820512819,0.06410256410256411
HALLMARK_PEROXISOME,0.7398100000000001,early_stage,False,0.0,0.0,1.0,1.0,1.0,1.0,1.0,1.0,1.0,1.0,1.0,1.0,1.0,1.0,1.0,1.0
HALLMARK_PI3K_AKT_MTOR_SIGNALING,0.57163,early_stage,False,1.0,1.0,1.0,0.0,1.0,1.0,0.0,1.0,1.0,1.0,1.0,1.0,1.0,1.0,1.0,1.0
HALLMARK_PROTEIN_SECRETION,0.17656,late_stage,False,1.714285714285714,0.0,13.428571428571427,0.5714285714285714,0.2857142857142857,4.571428571428571,0.5714285714285714,0.4285714285714285,1.0,0.2857142857142857,2.4285714285714284,3.428571428571428,3.2857142857142856,0.7142857142857143,1.0,0.0
HALLMARK_REACTIVE_OXYGEN_SPECIES_PATHWAY,0.39052,early_stage,False,0.0,0.0,1.0,1.0,1.0,1.0,1.0,1.0,1.0,0.0,1.0,1.0,1.0,1.0,1.0,1.0
HALLMARK_SPERMATOGENESIS,0.15625,early_stage,False,0.0625,2.875,0.0,0.125,1.125,0.9375,0.9375,0.75,0.8750000000000001,1.375,0.3125,0.4375000000000001,0.8750000000000001,0.375,0.1875,0.0
HALLMARK_TGF_BETA_SIGNALING,0.43253,late_stage,False,0.0,0.0,0.0,0.0,0.0,0.0,1.0,1.0,3.0,1.0,1.0,1.0,1.0,0.0,1.0,0.0
HALLMARK_TNFA_SIGNALING_VIA_NFKB,0.81416,early_stage,False,0.0,0.0,0.0,1.0,1.0,1.0,1.0,1.0,1.0,1.0,1.0,1.0,1.0,1.0,1.0,1.0
HALLMARK_UNFOLDED_PROTEIN_RESPONSE,0.16665,late_stage,False,0.0,0.0,7.9,0.2,0.7999999999999999,0.3,0.3,0.0,0.1,0.0,1.9,4.1,3.7,0.8999999999999999,0.7000000000000001,0.1
HALLMARK_UV_RESPONSE_DN,0.98005,early_stage,False,1.0,1.0,1.0,0.0,1.0,1.0,1.0,1.0,1.0,1.0,1.0,1.0,1.0,1.0,1.0,1.0
HALLMARK_UV_RESPONSE_UP,0.5020600000000001,late_stage,False,0.0,1.0,0.0,1.0,1.0,1.0,1.0,1.0,1.0,1.0,1.0,1.0,0.0,1.0,1.0,1.0
HALLMARK_WNT_BETA_CATENIN_SIGNALING,0.66902,late_stage,False,0.0,1.0,1.0,1.0,1.0,1.0,1.0,1.0,1.0,1.0,1.0,1.0,1.0,1.0,1.0,1.0
HALLMARK_XENOBIOTIC_METABOLISM,0.6915100000000001,early_stage,False,0.0,1.0,1.0,0.0,1.0,1.0,1.0,1.0,1.0,1.0,1.0,1.0,1.0,1.0,1.0,1.0
ONCOGENIC_AKT_UP.V1_DN,0.24536,late_stage,False,3.0,6.0,0.0,71.0,7.000000000000001,5.0,10.0,7.000000000000001,7.000000000000001,5.0,0.0,2.0,1.0,0.0,0.0,0.0
ONCOGENIC_AKT_UP.V1_UP,0.9698399999999999,late_stage,False,0.0,0.0,1.0,1.0,1.0,1.0,1.0,1.0,1.0,1.0,1.0,1.0,1.0,1.0,1.0,1.0
ONCOGENIC_AKT_UP_MTOR_DN.V1_DN,0.9334899999999999,early_stage,True,1.0,1.0,1.0,1.0,1.0,1.0,1.0,1.0,1.0,1.0,1.0,1.0,1.0,1.0,1.0,1.0
ONCOGENIC_AKT_UP_MTOR_DN.V1_UP,0.51462,early_stage,False,0.0,1.0,0.0,1.0,1.0,1.0,1.0,1.0,1.0,1.0,0.0,1.0,1.0,1.0,1.0,1.0
ONCOGENIC_ALK_DN.V1_DN,0.66362,early_stage,False,1.0,1.0,0.0,1.0,1.0,1.0,1.0,1.0,1.0,1.0,0.0,1.0,1.0,1.0,1.0,1.0
ONCOGENIC_ALK_DN.V1_UP,0.1997,early_stage,False,0.25,0.75,4.25,0.0,2.0,0.5,2.5,1.0,1.7500000000000002,0.25,2.25,4.25,2.25,1.25,1.7500000000000002,1.0
ONCOGENIC_ATF2_S_UP.V1_DN,0.26359,early_stage,False,7.000000000000001,1.0,0.0,1.5,0.5,0.0,0.0,0.0,0.0,0.0,6.5,3.0,1.5,3.5000000000000004,7.000000000000001,0.5
ONCOGENIC_ATF2_S_UP.V1_UP,0.46042,late_stage,False,1.0,0.0,1.0,0.0,1.0,0.0,0.0,0.0,1.0,1.0,1.0,1.0,0.0,1.0,1.0,1.0
ONCOGENIC_ATF2_UP.V1_DN,0.36372,early_stage,False,0.5,0.0,5.0,0.0,0.0,1.0,0.5,0.0,0.0,0.0,3.0,1.5,1.5,1.0,7.000000000000001,7.5
ONCOGENIC_ATF2_UP.V1_UP,0.12387000000000001,late_stage,False,1.5882352941176472,5.352941176470588,0.0,1.1176470588235294,2.5882352941176467,1.2352941176470589,0.6470588235294117,3.0588235294117645,0.3529411764705882,1.5882352941176472,0.1176470588235294,0.3529411764705882,0.9411764705882352,0.411764705882353,0.7647058823529411,1.0
ONCOGENIC_ATM_DN.V1_DN,0.76782,late_stage,False,1.0,1.0,1.0,1.0,1.0,1.0,0.0,1.0,1.0,1.0,1.0,1.0,1.0,1.0,1.0,1.0
ONCOGENIC_ATM_DN.V1_UP,0.34939000000000003,early_stage,False,1.0,1.0,0.0,1.0,0.0,1.0,1.0,1.0,1.0,1.0,0.0,0.0,0.0,1.0,1.0,1.0
ONCOGENIC_BCAT.100_UP.V1_DN,0.9999399999999999,late_stage,True,1.0,1.0,1.0,1.0,1.0,1.0,1.0,1.0,1.0,1.0,1.0,1.0,1.0,1.0,1.0,1.0
ONCOGENIC_BCAT.100_UP.V1_UP,0.20406,late_stage,False,1.6666666666666667,1.6666666666666667,0.6666666666666667,0.0,2.666666666666667,3.0,9.000000000000002,2.333333333333333,0.6666666666666667,0.33333333333333337,0.6666666666666667,2.0,1.6666666666666667,1.3333333333333337,0.0,1.3333333333333337
ONCOGENIC_BCAT_BILD_ET_AL_DN,0.63956,early_stage,True,1.0,1.0,1.0,1.0,1.0,1.0,1.0,1.0,1.0,1.0,1.0,1.0,1.0,1.0,1.0,1.0
ONCOGENIC_BCAT_BILD_ET_AL_UP,0.07162,late_stage,False,0.0,0.2195121951219512,1.7073170731707317,0.0,0.8780487804878049,0.9756097560975612,0.6829268292682927,0.5365853658536586,0.36585365853658536,0.8780487804878049,0.5853658536585366,0.7804878048780488,1.0,0.9512195121951221,1.0,0.36585365853658536
ONCOGENIC_BCAT_GDS748_DN,0.87956,late_stage,False,1.0,0.0,0.0,0.0,1.0,1.0,1.0,1.0,1.0,1.0,1.0,1.0,1.0,1.0,1.0,1.0
ONCOGENIC_BCAT_GDS748_UP,0.68624,early_stage,True,1.0,1.0,1.0,1.0,1.0,1.0,1.0,1.0,1.0,1.0,1.0,1.0,1.0,1.0,1.0,1.0
ONCOGENIC_BMI1_DN.V1_DN,0.23051999999999997,late_stage,False,6.333333333333334,1.6666666666666667,7.666666666666668,0.0,3.333333333333333,1.0,1.6666666666666667,1.0,2.666666666666667,0.6666666666666667,1.0,2.666666666666667,2.0,0.6666666666666667,0.0,0.33333333333333337
ONCOGENIC_BMI1_DN.V1_UP,0.9391799999999999,late_stage,False,1.0,0.0,0.0,0.0,1.0,1.0,1.0,1.0,1.0,1.0,1.0,1.0,1.0,1.0,1.0,1.0
ONCOGENIC_BMI1_DN_MEL18_DN.V1_DN,0.6332899999999999,late_stage,False,0.0,1.0,1.0,1.0,1.0,1.0,1.0,0.0,1.0,1.0,1.0,1.0,1.0,1.0,1.0,1.0
ONCOGENIC_BMI1_DN_MEL18_DN.V1_UP,0.99774,early_stage,False,1.0,0.0,0.0,0.0,1.0,1.0,1.0,1.0,1.0,1.0,1.0,1.0,1.0,1.0,1.0,1.0
ONCOGENIC_BRCA1_DN.V1_DN,0.89274,early_stage,False,0.0,1.0,1.0,0.0,1.0,1.0,1.0,1.0,1.0,1.0,1.0,1.0,1.0,1.0,1.0,1.0
ONCOGENIC_BRCA1_DN.V1_UP,0.15154,early_stage,False,1.6666666666666667,1.2222222222222223,0.11111111111111112,1.1111111111111112,1.0,1.8888888888888893,2.1111111111111107,0.7777777777777779,0.7777777777777779,1.3333333333333333,1.6666666666666667,1.4444444444444446,1.5555555555555558,0.22222222222222224,0.22222222222222224,0.0
ONCOGENIC_CAHOY_ASTROCYTIC,0.24694000000000002,early_stage,False,0.0,1.5,6.5,0.0,3.0,2.0,0.5,1.0,1.0,1.0,1.0,1.0,0.5,3.5000000000000004,5.0,1.0
ONCOGENIC_CAHOY_ASTROGLIAL,0.285,late_stage,False,0.0,71.0,0.0,12.0,3.0,16.0,1.0,3.0,1.0,10.0,1.0,0.0,1.0,2.0,3.0,1.0
ONCOGENIC_CAHOY_NEURONAL,0.76576,early_stage,False,0.0,1.0,1.0,1.0,1.0,1.0,1.0,1.0,1.0,1.0,1.0,1.0,1.0,1.0,1.0,1.0
ONCOGENIC_CAHOY_OLIGODENDROCUTIC,0.8840100000000001,early_stage,True,1.0,1.0,1.0,1.0,1.0,1.0,1.0,1.0,1.0,1.0,1.0,1.0,1.0,1.0,1.0,1.0
ONCOGENIC_CAMP_UP.V1_DN,0.5636800000000001,late_stage,False,1.0,1.0,1.0,1.0,0.0,1.0,1.0,1.0,1.0,1.0,1.0,1.0,1.0,1.0,1.0,1.0
ONCOGENIC_CAMP_UP.V1_UP,0.71303,early_stage,False,0.0,0.0,1.0,1.0,1.0,1.0,1.0,1.0,1.0,1.0,1.0,1.0,1.0,1.0,1.0,1.0
ONCOGENIC_CORDENONSI_YAP_CONSERVED_SIGNATURE,0.34608,late_stage,False,1.0,0.0,1.0,0.0,1.0,0.0,0.0,1.0,0.0,0.0,1.0,1.0,0.0,1.0,1.0,1.0
ONCOGENIC_CRX_DN.V1_DN,0.18875999999999998,early_stage,False,15.166666666666668,0.16666666666666669,3.0,0.5,0.16666666666666669,0.33333333333333337,0.33333333333333337,0.16666666666666669,0.16666666666666669,1.0,1.6666666666666667,2.333333333333333,0.6666666666666667,1.8333333333333333,1.5,1.8333333333333333
ONCOGENIC_CRX_DN.V1_UP,0.6604399999999999,early_stage,True,1.0,1.0,1.0,1.0,1.0,1.0,1.0,1.0,1.0,1.0,1.0,1.0,1.0,1.0,1.0,1.0
ONCOGENIC_CRX_NRL_DN.V1_DN,0.10584,early_stage,False,1.9615384615384612,0.07692307692307693,2.5769230769230766,0.0,1.2692307692307692,0.7692307692307693,1.1153846153846152,0.8461538461538461,0.4230769230769231,0.8076923076923076,0.7692307692307693,0.8461538461538461,0.6153846153846154,1.2692307692307692,2.1153846153846154,0.9615384615384616
ONCOGENIC_CRX_NRL_DN.V1_UP,0.27512,early_stage,False,0.0,0.0,7.333333333333334,1.0,1.0,0.33333333333333337,0.0,1.0,0.6666666666666667,0.6666666666666667,3.0,2.333333333333333,0.6666666666666667,0.0,0.6666666666666667,0.33333333333333337
ONCOGENIC_CSR_EARLY_UP.V1_DN,0.46083999999999997,late_stage,False,0.0,1.0,1.0,0.0,0.0,0.0,1.0,1.0,1.0,0.0,1.0,1.0,1.0,1.0,1.0,1.0
ONCOGENIC_CSR_EARLY_UP.V1_UP,0.72902,late_stage,False,1.0,1.0,1.0,0.0,1.0,1.0,1.0,1.0,1.0,1.0,1.0,0.0,1.0,1.0,1.0,1.0
ONCOGENIC_CSR_LATE_UP.V1_DN,0.58162,early_stage,False,0.0,1.0,0.0,0.0,1.0,0.0,1.0,1.0,1.0,1.0,1.0,1.0,1.0,1.0,1.0,1.0
ONCOGENIC_CSR_LATE_UP.V1_UP,0.65504,late_stage,False,1.0,1.0,0.0,0.0,1.0,1.0,1.0,1.0,1.0,1.0,0.0,1.0,1.0,1.0,1.0,1.0
ONCOGENIC_CTIP_DN.V1_DN,0.29682,early_stage,False,0.0,0.0,3.0,0.0,1.5,1.0,1.5,0.0,0.0,0.0,0.5,1.0,0.5,0.0,0.5,5.5
ONCOGENIC_CTIP_DN.V1_UP,0.2818,early_stage,False,13.5,0.0,6.0,0.0,3.0,2.5,1.0,1.0,0.5,0.0,2.0,1.5,1.5,0.0,1.5,0.0
ONCOGENIC_CYCLIN_D1_KE_.V1_DN,0.38604,early_stage,False,1.0,1.0,1.0,0.0,0.0,0.0,1.0,0.0,1.0,1.0,0.0,0.0,1.0,1.0,1.0,1.0
ONCOGENIC_CYCLIN_D1_KE_.V1_UP,0.28908,late_stage,False,1.0,0.0,1.0,1.0,0.0,0.0,0.0,0.0,0.0,0.0,0.0,1.0,0.0,0.0,0.0,1.0
ONCOGENIC_CYCLIN_D1_UP.V1_DN,0.60305,late_stage,True,1.0,1.0,1.0,1.0,1.0,1.0,1.0,1.0,1.0,1.0,1.0,1.0,1.0,1.0,1.0,1.0
ONCOGENIC_CYCLIN_D1_UP.V1_UP,0.16324,late_stage,False,0.2,2.5,0.4,0.0,3.5,0.8999999999999999,1.2,2.7,2.4,1.6,0.8999999999999999,1.1,1.0,0.3,0.5,0.6
ONCOGENIC_DCA_UP.V1_DN,0.57976,early_stage,False,1.0,1.0,1.0,1.0,1.0,1.0,1.0,1.0,1.0,1.0,1.0,1.0,1.0,0.0,1.0,0.0
ONCOGENIC_DCA_UP.V1_UP,0.29501,late_stage,False,0.0,11.000000000000002,0.0,0.6666666666666667,0.6666666666666667,1.3333333333333337,1.6666666666666667,1.0,1.6666666666666667,4.0,0.33333333333333337,0.6666666666666667,0.0,0.33333333333333337,0.33333333333333337,0.0
ONCOGENIC_E2F1_UP.V1_DN,0.82352,early_stage,True,1.0,1.0,1.0,1.0,1.0,1.0,1.0,1.0,1.0,1.0,1.0,1.0,1.0,1.0,1.0,1.0
ONCOGENIC_E2F1_UP.V1_UP,0.80862,early_stage,True,1.0,1.0,1.0,1.0,1.0,1.0,1.0,1.0,1.0,1.0,1.0,1.0,1.0,1.0,1.0,1.0
ONCOGENIC_E2F3_UP.V1_DN,0.57325,late_stage,False,1.0,0.0,1.0,0.0,1.0,1.0,1.0,1.0,1.0,0.0,1.0,1.0,1.0,1.0,1.0,1.0
ONCOGENIC_E2F3_UP.V1_UP,0.9792200000000001,early_stage,False,0.0,1.0,1.0,1.0,1.0,1.0,1.0,1.0,1.0,1.0,1.0,1.0,1.0,1.0,1.0,1.0
ONCOGENIC_EGFR_UP.V1_DN,0.9090799999999999,late_stage,False,0.0,1.0,1.0,1.0,1.0,1.0,1.0,1.0,1.0,1.0,1.0,1.0,1.0,1.0,1.0,1.0
ONCOGENIC_EGFR_UP.V1_UP,0.08172,early_stage,False,2.6451612903225805,0.0,2.3870967741935485,0.0967741935483871,0.25806451612903225,0.06451612903225806,0.0967741935483871,0.6129032258064516,0.03225806451612903,0.1935483870967742,1.870967741935484,2.0,0.870967741935484,1.4516129032258065,2.2580645161290316,2.7096774193548385
ONCOGENIC_EIF4E_DN,0.81202,early_stage,True,1.0,1.0,1.0,1.0,1.0,1.0,1.0,1.0,1.0,1.0,1.0,1.0,1.0,1.0,1.0,1.0
ONCOGENIC_EIF4E_UP,0.66114,early_stage,False,1.0,1.0,1.0,0.0,0.0,1.0,1.0,1.0,1.0,0.0,1.0,1.0,1.0,1.0,1.0,1.0
ONCOGENIC_ERBB2_UP.V1_DN,0.70494,early_stage,False,0.0,1.0,1.0,1.0,1.0,1.0,1.0,1.0,1.0,1.0,1.0,1.0,1.0,1.0,1.0,0.0
ONCOGENIC_ERBB2_UP.V1_UP,0.8855799999999999,early_stage,False,0.0,1.0,1.0,1.0,1.0,1.0,1.0,1.0,1.0,1.0,1.0,1.0,0.0,1.0,1.0,1.0
ONCOGENIC_ESC_J1_UP_EARLY.V1_DN,0.4284,late_stage,False,1.0,0.0,1.0,1.0,1.0,0.0,0.0,0.0,0.0,0.0,1.0,1.0,1.0,1.0,1.0,1.0
ONCOGENIC_ESC_J1_UP_EARLY.V1_UP,0.26736,late_stage,False,0.0,3.0,0.0,1.0,1.3333333333333337,1.3333333333333337,1.6666666666666667,2.0,3.0,3.0,0.6666666666666667,0.6666666666666667,1.0,0.33333333333333337,0.0,0.0
ONCOGENIC_ESC_J1_UP_LATE.V1_DN,0.7347,early_stage,False,1.0,1.0,1.0,0.0,1.0,1.0,1.0,1.0,1.0,1.0,1.0,1.0,1.0,1.0,1.0,1.0
ONCOGENIC_ESC_J1_UP_LATE.V1_UP,0.72672,early_stage,False,0.0,1.0,1.0,1.0,1.0,1.0,1.0,1.0,1.0,1.0,1.0,1.0,1.0,1.0,1.0,1.0
ONCOGENIC_ESC_V6.5_UP_EARLY.V1_DN,0.72828,late_stage,False,0.0,0.0,1.0,1.0,1.0,1.0,1.0,1.0,1.0,1.0,1.0,1.0,1.0,1.0,1.0,1.0
ONCOGENIC_ESC_V6.5_UP_EARLY.V1_UP,0.72614,early_stage,False,0.0,1.0,1.0,1.0,1.0,1.0,1.0,1.0,1.0,1.0,1.0,1.0,1.0,1.0,1.0,1.0
ONCOGENIC_ESC_V6.5_UP_LATE.V1_DN,0.99366,early_stage,True,1.0,1.0,1.0,1.0,1.0,1.0,1.0,1.0,1.0,1.0,1.0,1.0,1.0,1.0,1.0,1.0
ONCOGENIC_ESC_V6.5_UP_LATE.V1_UP,0.9281200000000001,early_stage,False,0.0,1.0,1.0,1.0,1.0,1.0,1.0,1.0,1.0,1.0,1.0,1.0,1.0,1.0,1.0,1.0
ONCOGENIC_GCNP_SHH_UP_EARLY.V1_DN,0.69133,early_stage,True,1.0,1.0,1.0,1.0,1.0,1.0,1.0,1.0,1.0,1.0,1.0,1.0,1.0,1.0,1.0,1.0
ONCOGENIC_GCNP_SHH_UP_EARLY.V1_UP,0.7336699999999999,late_stage,False,1.0,1.0,1.0,1.0,1.0,1.0,1.0,1.0,1.0,1.0,0.0,1.0,0.0,1.0,1.0,1.0
ONCOGENIC_GCNP_SHH_UP_LATE.V1_DN,0.14978,late_stage,False,1.0,4.0,0.2,8.0,5.4,3.2,3.4,1.7999999999999998,4.0,2.6,1.4,1.4,1.6,0.6,0.6,0.0
ONCOGENIC_GCNP_SHH_UP_LATE.V1_UP,0.71228,early_stage,False,0.0,0.0,1.0,0.0,1.0,1.0,1.0,1.0,1.0,1.0,1.0,1.0,1.0,1.0,1.0,1.0
ONCOGENIC_GLI1_UP.V1_DN,0.65023,late_stage,True,1.0,1.0,1.0,1.0,1.0,1.0,1.0,1.0,1.0,1.0,1.0,1.0,1.0,1.0,1.0,1.0
ONCOGENIC_GLI1_UP.V1_UP,0.8628600000000001,late_stage,False,1.0,1.0,1.0,1.0,1.0,1.0,1.0,1.0,1.0,1.0,1.0,0.0,1.0,1.0,1.0,1.0
ONCOGENIC_HINATA_NFKB_IMMU_INF,0.72558,late_stage,False,1.0,0.0,1.0,1.0,1.0,1.0,1.0,1.0,1.0,1.0,1.0,1.0,1.0,1.0,1.0,1.0
ONCOGENIC_HINATA_NFKB_MATRIX,0.63964,early_stage,False,1.0,1.0,1.0,0.0,1.0,1.0,1.0,1.0,1.0,1.0,1.0,1.0,1.0,1.0,1.0,1.0
ONCOGENIC_HOXA9_DN.V1_DN,0.77288,late_stage,True,1.0,1.0,1.0,1.0,1.0,1.0,1.0,1.0,1.0,1.0,1.0,1.0,1.0,1.0,1.0,1.0
ONCOGENIC_HOXA9_DN.V1_UP,0.47028000000000003,late_stage,False,0.0,0.0,1.0,0.0,1.0,1.0,1.0,0.0,1.0,1.0,1.0,1.0,0.0,1.0,1.0,1.0
ONCOGENIC_IL15_UP.V1_DN,0.7144199999999999,early_stage,True,1.0,1.0,1.0,1.0,1.0,1.0,1.0,1.0,1.0,1.0,1.0,1.0,1.0,1.0,1.0,1.0
ONCOGENIC_IL15_UP.V1_UP,0.9917100000000001,early_stage,False,1.0,0.0,1.0,1.0,1.0,1.0,1.0,1.0,1.0,1.0,1.0,1.0,1.0,1.0,1.0,1.0
ONCOGENIC_IL21_UP.V1_DN,0.8670700000000001,early_stage,True,1.0,1.0,1.0,1.0,1.0,1.0,1.0,1.0,1.0,1.0,1.0,1.0,1.0,1.0,1.0,1.0
ONCOGENIC_IL21_UP.V1_UP,0.20222,late_stage,False,49.5,18.5,0.0,1.5,5.5,1.0,8.0,7.5,8.0,11.0,0.0,0.0,0.5,1.0,0.5,0.0
ONCOGENIC_IL2_UP.V1_DN,0.9590200000000001,early_stage,True,1.0,1.0,1.0,1.0,1.0,1.0,1.0,1.0,1.0,1.0,1.0,1.0,1.0,1.0,1.0,1.0
ONCOGENIC_IL2_UP.V1_UP,0.5491199999999999,early_stage,False,1.0,1.0,0.0,1.0,1.0,1.0,1.0,1.0,1.0,1.0,0.0,0.0,0.0,1.0,1.0,0.0
ONCOGENIC_JAK2_DN.V1_DN,0.69862,early_stage,False,0.0,1.0,0.0,1.0,1.0,1.0,1.0,1.0,1.0,1.0,1.0,1.0,1.0,1.0,1.0,1.0
ONCOGENIC_JAK2_DN.V1_UP,0.00246,early_stage,False,0.35,0.81,1.0,0.54,0.98,0.99,0.95,0.98,0.97,0.93,1.0,1.0,0.98,0.98,0.97,0.88
ONCOGENIC_JNK_DN.V1_DN,0.43462,early_stage,False,1.0,1.0,0.0,1.0,1.0,1.0,0.0,1.0,1.0,1.0,0.0,0.0,0.0,0.0,0.0,0.0
ONCOGENIC_JNK_DN.V1_UP,0.6868,early_stage,True,1.0,1.0,1.0,1.0,1.0,1.0,1.0,1.0,1.0,1.0,1.0,1.0,1.0,1.0,1.0,1.0
ONCOGENIC_KRAS.300_UP.V1_DN,0.26837,early_stage,False,0.2,0.0,4.8,0.0,0.2,0.4,1.4,0.2,1.2,0.0,2.4,1.4,2.8000000000000003,0.2,3.0,0.0
ONCOGENIC_KRAS.300_UP.V1_UP,0.022180000000000002,early_stage,False,1.0795454545454546,0.03409090909090909,1.1363636363636365,0.3295454545454545,0.7613636363636364,0.8522727272727273,0.6136363636363636,0.8181818181818181,0.5454545454545454,0.625,1.125,1.1363636363636365,1.1022727272727273,0.9886363636363636,1.0227272727272727,0.5568181818181818
ONCOGENIC_KRAS.50_UP.V1_DN,0.9718600000000001,late_stage,True,1.0,1.0,1.0,1.0,1.0,1.0,1.0,1.0,1.0,1.0,1.0,1.0,1.0,1.0,1.0,1.0
ONCOGENIC_KRAS.50_UP.V1_UP,0.2772,early_stage,False,25.0,0.0,0.33333333333333337,0.33333333333333337,1.3333333333333337,0.0,0.0,0.33333333333333337,0.33333333333333337,0.0,2.333333333333333,3.333333333333333,4.333333333333334,0.6666666666666667,0.0,0.0
ONCOGENIC_KRAS.600.LUNG.BREAST_UP.V1_DN,0.6661600000000001,early_stage,False,1.0,0.0,1.0,1.0,1.0,1.0,1.0,1.0,1.0,1.0,0.0,1.0,1.0,1.0,0.0,1.0
ONCOGENIC_KRAS.600.LUNG.BREAST_UP.V1_UP,0.28999,early_stage,False,6.0,0.0,10.166666666666666,0.0,0.16666666666666669,0.33333333333333337,0.16666666666666669,0.0,0.0,0.0,4.0,4.333333333333334,5.833333333333332,0.33333333333333337,0.33333333333333337,0.16666666666666669
ONCOGENIC_KRAS.600_UP.V1_DN,0.6515,early_stage,False,1.0,0.0,0.0,1.0,1.0,0.0,1.0,1.0,1.0,1.0,0.0,1.0,1.0,1.0,1.0,1.0
ONCOGENIC_KRAS.600_UP.V1_UP,0.03796,early_stage,False,0.8260869565217391,0.01449275362318841,1.4492753623188408,0.01449275362318841,0.6086956521739131,0.9130434782608696,0.5942028985507246,0.4927536231884059,0.31884057971014496,0.31884057971014496,1.391304347826087,1.4057971014492754,1.347826086956522,1.0869565217391306,1.1594202898550727,0.7826086956521741
ONCOGENIC_KRAS.AMP.LUNG_UP.V1_DN,0.7840199999999999,late_stage,False,0.0,1.0,0.0,0.0,1.0,1.0,1.0,1.0,1.0,1.0,1.0,1.0,1.0,1.0,1.0,1.0
ONCOGENIC_KRAS.AMP.LUNG_UP.V1_UP,0.14764000000000002,early_stage,False,0.21428571428571425,6.2857142857142865,0.0,0.4285714285714285,1.0714285714285714,2.2857142857142856,1.857142857142857,1.0,0.2857142857142857,0.5714285714285714,3.0,2.714285714285714,3.1428571428571432,0.4285714285714285,0.35714285714285715,0.14285714285714285
ONCOGENIC_KRAS.BREAST_UP.V1_DN,0.83041,early_stage,True,1.0,1.0,1.0,1.0,1.0,1.0,1.0,1.0,1.0,1.0,1.0,1.0,1.0,1.0,1.0,1.0
ONCOGENIC_KRAS.BREAST_UP.V1_UP,0.20446,early_stage,False,2.4166666666666665,0.0,5.333333333333334,0.08333333333333334,0.25,0.25,0.6666666666666667,0.0,0.25,0.0,1.6666666666666667,1.5833333333333337,1.3333333333333337,1.1666666666666667,0.25,0.0
ONCOGENIC_KRAS.DF.V1_DN,0.96068,early_stage,False,1.0,1.0,0.0,0.0,1.0,1.0,1.0,1.0,1.0,1.0,1.0,1.0,1.0,1.0,1.0,1.0
ONCOGENIC_KRAS.DF.V1_UP,0.65946,late_stage,False,0.0,0.0,1.0,1.0,1.0,1.0,1.0,1.0,1.0,1.0,1.0,1.0,1.0,1.0,1.0,1.0
ONCOGENIC_KRAS.KIDNEY_UP.V1_DN,0.47518999999999995,late_stage,False,0.0,1.0,1.0,1.0,0.0,1.0,1.0,1.0,1.0,1.0,1.0,1.0,1.0,1.0,1.0,1.0
ONCOGENIC_KRAS.KIDNEY_UP.V1_UP,0.1689,early_stage,False,3.1428571428571432,0.2857142857142857,0.857142857142857,0.0,0.7142857142857143,0.857142857142857,0.0,0.5714285714285714,0.0,0.0,1.857142857142857,3.0,1.857142857142857,0.4285714285714285,0.857142857142857,0.14285714285714285
ONCOGENIC_KRAS.LUNG.BREAST_UP.V1_DN,0.9297799999999999,late_stage,True,1.0,1.0,1.0,1.0,1.0,1.0,1.0,1.0,1.0,1.0,1.0,1.0,1.0,1.0,1.0,1.0
ONCOGENIC_KRAS.LUNG.BREAST_UP.V1_UP,0.24125,early_stage,False,0.7000000000000001,0.0,6.5,0.0,0.2,0.0,0.3,0.0,0.0,0.1,2.0,3.0,2.8000000000000003,0.7999999999999999,0.7000000000000001,0.0
ONCOGENIC_KRAS.LUNG_UP.V1_DN,0.06994,early_stage,False,0.11111111111111112,0.0,2.7222222222222223,0.05555555555555556,1.0833333333333337,1.25,1.3611111111111112,0.4166666666666667,1.1111111111111112,0.7222222222222223,1.3888888888888888,1.3611111111111112,1.4444444444444446,0.5555555555555556,1.75,0.4444444444444445
ONCOGENIC_KRAS.LUNG_UP.V1_UP,0.92416,late_stage,False,1.0,1.0,1.0,0.0,1.0,1.0,1.0,1.0,1.0,1.0,1.0,1.0,1.0,1.0,1.0,1.0
ONCOGENIC_KRAS.PROSTATE_UP.V1_DN,0.81816,late_stage,False,0.0,0.0,1.0,1.0,1.0,1.0,1.0,1.0,1.0,1.0,1.0,1.0,1.0,1.0,1.0,1.0
ONCOGENIC_KRAS.PROSTATE_UP.V1_UP,0.2979,early_stage,False,0.0,0.0,18.75,0.0,0.75,0.25,0.25,0.25,0.75,0.5,3.75,4.0,6.25,0.75,1.25,0.25
ONCOGENIC_LEF1_UP.V1_DN,0.43859,late_stage,False,1.0,0.0,1.0,0.0,1.0,0.0,1.0,0.0,0.0,0.0,0.0,1.0,1.0,1.0,1.0,1.0
ONCOGENIC_LEF1_UP.V1_UP,0.17338,late_stage,False,0.0,11.833333333333336,0.0,0.0,5.666666666666668,2.166666666666667,0.5,3.5,4.666666666666667,1.6666666666666667,0.33333333333333337,0.5,0.5,2.833333333333333,2.0,0.5
ONCOGENIC_LTE2_UP.V1_DN,0.6209399999999999,early_stage,False,0.0,1.0,1.0,1.0,1.0,1.0,1.0,1.0,1.0,1.0,1.0,1.0,1.0,1.0,1.0,0.0
ONCOGENIC_LTE2_UP.V1_UP,0.38518,late_stage,False,1.0,0.0,1.0,0.0,0.0,1.0,1.0,1.0,0.0,0.0,1.0,1.0,1.0,1.0,1.0,1.0
ONCOGENIC_MEK_UP.V1_DN,0.6066,early_stage,False,0.0,1.0,1.0,1.0,1.0,1.0,1.0,1.0,1.0,1.0,1.0,1.0,1.0,1.0,0.0,0.0
ONCOGENIC_MEK_UP.V1_UP,0.42751999999999996,late_stage,False,1.0,0.0,1.0,0.0,0.0,0.0,1.0,0.0,0.0,1.0,1.0,1.0,1.0,1.0,1.0,1.0
ONCOGENIC_MEL18_DN.V1_DN,0.56852,late_stage,False,0.0,1.0,1.0,1.0,0.0,1.0,1.0,0.0,0.0,1.0,1.0,1.0,1.0,1.0,1.0,1.0
ONCOGENIC_MEL18_DN.V1_UP,0.2849,early_stage,False,0.0,0.0,48.5,0.0,1.0,0.0,0.0,1.5,0.0,0.5,1.5,5.0,0.5,3.5000000000000004,5.5,5.0
ONCOGENIC_MTOR_UP.N4.V1_DN,0.95401,late_stage,True,1.0,1.0,1.0,1.0,1.0,1.0,1.0,1.0,1.0,1.0,1.0,1.0,1.0,1.0,1.0,1.0
ONCOGENIC_MTOR_UP.N4.V1_UP,0.74458,late_stage,False,1.0,0.0,1.0,1.0,1.0,1.0,1.0,1.0,1.0,1.0,1.0,1.0,1.0,1.0,1.0,1.0
ONCOGENIC_MTOR_UP.V1_DN,0.0652,late_stage,False,1.9024390243902443,1.2439024390243902,0.3902439024390244,1.878048780487805,1.3902439024390243,1.5853658536585369,0.9268292682926829,1.6585365853658538,1.2926829268292683,1.804878048780488,0.6097560975609756,0.3902439024390244,0.7317073170731707,0.5121951219512195,0.3902439024390244,0.2682926829268293
ONCOGENIC_MTOR_UP.V1_UP,0.5704899999999999,early_stage,False,0.0,1.0,1.0,0.0,1.0,1.0,1.0,1.0,1.0,1.0,1.0,1.0,1.0,1.0,1.0,1.0
ONCOGENIC_MYC_UP.V1_DN,0.77874,late_stage,False,1.0,0.0,1.0,0.0,1.0,1.0,1.0,1.0,1.0,1.0,1.0,1.0,1.0,1.0,1.0,1.0
ONCOGENIC_MYC_UP.V1_UP,0.73668,late_stage,False,1.0,1.0,1.0,0.0,1.0,1.0,1.0,1.0,1.0,1.0,1.0,1.0,1.0,1.0,1.0,1.0
ONCOGENIC_NFE2L2.V2,0.00026000000000000003,early_stage,True,1.0,0.99,1.0,0.96,1.0,1.0,1.0,1.0,1.0,1.0,1.0,1.0,1.0,1.0,1.0,1.0
ONCOGENIC_NOTCH_DN.V1_DN,0.75466,early_stage,True,1.0,1.0,1.0,1.0,1.0,1.0,1.0,1.0,1.0,1.0,1.0,1.0,1.0,1.0,1.0,1.0
ONCOGENIC_NOTCH_DN.V1_UP,0.84446,late_stage,False,0.0,0.0,0.0,1.0,1.0,1.0,1.0,1.0,1.0,1.0,1.0,1.0,1.0,1.0,1.0,1.0
ONCOGENIC_NRL_DN.V1_DN,0.08799,early_stage,False,1.6896551724137931,0.5172413793103449,1.0,0.1724137931034483,0.8275862068965517,0.8275862068965517,0.8965517241379312,1.2413793103448276,0.6896551724137931,0.8275862068965517,0.8965517241379312,0.5862068965517242,0.7586206896551725,1.0,1.137931034482759,0.13793103448275865
ONCOGENIC_NRL_DN.V1_UP,0.69186,early_stage,False,0.0,0.0,0.0,0.0,0.0,0.0,0.0,0.0,0.0,0.0,1.0,0.0,0.0,0.0,0.0,0.0
ONCOGENIC_P53_DN.V1_DN,0.07539,early_stage,False,2.636363636363636,0.0,2.4848484848484844,0.060606060606060615,0.5757575757575757,0.7272727272727272,0.5757575757575757,0.7575757575757576,0.1818181818181818,0.12121212121212123,1.7575757575757571,1.8484848484848484,1.424242424242424,0.7878787878787878,1.5151515151515151,1.303030303030303
ONCOGENIC_P53_DN.V1_UP,0.0029,late_stage,False,0.07142857142857144,1.020408163265306,1.020408163265306,1.020408163265306,1.020408163265306,1.020408163265306,1.020408163265306,1.020408163265306,1.0,1.020408163265306,0.9897959183673468,1.010204081632653,1.020408163265306,1.010204081632653,0.9693877551020408,0.9693877551020408
ONCOGENIC_P53_DN.V2_DN,0.6450899999999999,late_stage,False,1.0,0.0,1.0,0.0,1.0,1.0,1.0,1.0,1.0,0.0,1.0,1.0,1.0,1.0,1.0,1.0
ONCOGENIC_P53_DN.V2_UP,0.97782,early_stage,False,1.0,0.0,0.0,1.0,1.0,1.0,1.0,1.0,1.0,1.0,1.0,1.0,1.0,1.0,1.0,1.0
ONCOGENIC_PDGF_ERK_DN.V1_DN,0.9542700000000001,early_stage,True,1.0,1.0,1.0,1.0,1.0,1.0,1.0,1.0,1.0,1.0,1.0,1.0,1.0,1.0,1.0,1.0
ONCOGENIC_PDGF_ERK_DN.V1_UP,0.53177,late_stage,False,1.0,1.0,1.0,0.0,1.0,1.0,1.0,1.0,1.0,1.0,1.0,0.0,1.0,1.0,1.0,1.0
ONCOGENIC_PDGF_UP.V1_DN,0.25384,early_stage,False,1.0,2.0,20.0,0.0,4.0,7.000000000000001,2.0,1.0,1.0,0.0,11.0,12.0,5.0,10.0,12.0,1.0
ONCOGENIC_PDGF_UP.V1_UP,0.622,early_stage,False,1.0,0.0,1.0,1.0,1.0,1.0,1.0,1.0,1.0,1.0,1.0,1.0,1.0,1.0,0.0,1.0
ONCOGENIC_PIGF_UP.V1_DN,0.82362,early_stage,False,1.0,1.0,1.0,0.0,1.0,1.0,1.0,1.0,1.0,1.0,1.0,1.0,1.0,1.0,1.0,1.0
ONCOGENIC_PIGF_UP.V1_UP,0.7652,late_stage,True,1.0,1.0,1.0,1.0,1.0,1.0,1.0,1.0,1.0,1.0,1.0,1.0,1.0,1.0,1.0,1.0
ONCOGENIC_PKCA_DN.V1_DN,0.78146,early_stage,False,0.0,1.0,1.0,1.0,1.0,1.0,1.0,1.0,1.0,1.0,1.0,0.0,1.0,1.0,1.0,0.0
ONCOGENIC_PKCA_DN.V1_UP,0.62516,early_stage,False,1.0,1.0,0.0,1.0,1.0,1.0,1.0,1.0,1.0,1.0,1.0,1.0,1.0,1.0,0.0,0.0
ONCOGENIC_PRC1_BMI_UP.V1_DN,0.92763,early_stage,True,1.0,1.0,1.0,1.0,1.0,1.0,1.0,1.0,1.0,1.0,1.0,1.0,1.0,1.0,1.0,1.0
ONCOGENIC_PRC1_BMI_UP.V1_UP,0.36071,late_stage,False,0.0,0.0,1.0,1.0,0.0,1.0,0.0,0.0,0.0,0.0,1.0,1.0,0.0,1.0,1.0,1.0
ONCOGENIC_PRC2_EED_UP.V1_DN,0.37628,late_stage,False,0.0,0.0,1.0,0.0,1.0,1.0,1.0,1.0,1.0,0.0,1.0,1.0,1.0,1.0,1.0,1.0
ONCOGENIC_PRC2_EED_UP.V1_UP,0.39716,early_stage,False,1.0,1.0,1.0,1.0,1.0,1.0,1.0,1.0,1.0,0.0,0.0,0.0,0.0,1.0,1.0,0.0
ONCOGENIC_PRC2_EZH2_UP.V1_DN,0.7641600000000001,late_stage,False,0.0,1.0,1.0,1.0,1.0,1.0,1.0,1.0,1.0,1.0,1.0,1.0,1.0,1.0,1.0,1.0
ONCOGENIC_PRC2_EZH2_UP.V1_UP,0.75881,early_stage,False,1.0,0.0,0.0,0.0,1.0,1.0,1.0,1.0,1.0,1.0,1.0,1.0,1.0,1.0,1.0,1.0
ONCOGENIC_PRC2_SUZ12_UP.V1_DN,0.88531,late_stage,True,1.0,1.0,1.0,1.0,1.0,1.0,1.0,1.0,1.0,1.0,1.0,1.0,1.0,1.0,1.0,1.0
ONCOGENIC_PRC2_SUZ12_UP.V1_UP,0.7557,late_stage,False,1.0,0.0,1.0,0.0,1.0,1.0,1.0,1.0,1.0,1.0,1.0,1.0,1.0,1.0,1.0,1.0
ONCOGENIC_PTEN_DN.V1_DN,0.348,early_stage,False,85.0,0.0,9.0,2.0,0.0,2.0,3.0,0.0,1.0,1.0,4.0,4.0,2.0,1.0,0.0,0.0
ONCOGENIC_PTEN_DN.V1_UP,0.59055,late_stage,True,1.0,1.0,1.0,1.0,1.0,1.0,1.0,1.0,1.0,1.0,1.0,1.0,1.0,1.0,1.0,1.0
ONCOGENIC_PTEN_DN.V2_DN,0.93184,late_stage,False,1.0,1.0,1.0,0.0,1.0,1.0,1.0,1.0,1.0,1.0,1.0,1.0,1.0,1.0,1.0,1.0
ONCOGENIC_PTEN_DN.V2_UP,0.87279,early_stage,False,1.0,0.0,0.0,1.0,1.0,1.0,1.0,1.0,1.0,1.0,1.0,1.0,1.0,1.0,1.0,1.0
ONCOGENIC_RAF_UP.V1_DN,0.57326,late_stage,False,1.0,1.0,1.0,1.0,1.0,0.0,1.0,1.0,0.0,1.0,1.0,1.0,1.0,1.0,1.0,1.0
ONCOGENIC_RAF_UP.V1_UP,0.67702,late_stage,False,1.0,0.0,1.0,1.0,0.0,0.0,1.0,1.0,0.0,1.0,1.0,1.0,1.0,1.0,1.0,1.0
ONCOGENIC_RAPA_EARLY_UP.V1_DN,0.9964799999999999,early_stage,True,1.0,1.0,1.0,1.0,1.0,1.0,1.0,1.0,1.0,1.0,1.0,1.0,1.0,1.0,1.0,1.0
ONCOGENIC_RAPA_EARLY_UP.V1_UP,0.5576800000000001,early_stage,False,1.0,1.0,0.0,1.0,1.0,1.0,1.0,1.0,1.0,1.0,1.0,1.0,0.0,1.0,1.0,1.0
ONCOGENIC_RB_DN.V1_DN,0.12964,late_stage,False,0.0,2.8888888888888893,0.3333333333333333,0.38888888888888895,1.3888888888888888,1.5555555555555558,0.38888888888888895,0.5555555555555556,0.3333333333333333,0.3333333333333333,0.5,0.8888888888888891,1.2222222222222223,0.8888888888888891,0.7222222222222223,0.16666666666666666
ONCOGENIC_RB_DN.V1_UP,0.90896,early_stage,True,1.0,1.0,1.0,1.0,1.0,1.0,1.0,1.0,1.0,1.0,1.0,1.0,1.0,1.0,1.0,1.0
ONCOGENIC_RB_P107_DN.V1_DN,0.66728,late_stage,False,1.0,1.0,1.0,1.0,1.0,1.0,1.0,1.0,1.0,1.0,0.0,1.0,1.0,1.0,1.0,1.0
ONCOGENIC_RB_P107_DN.V1_UP,0.89344,late_stage,False,0.0,1.0,0.0,1.0,1.0,1.0,1.0,1.0,1.0,1.0,1.0,1.0,1.0,1.0,1.0,1.0
ONCOGENIC_RB_P130_DN.V1_DN,0.34876,late_stage,False,1.0,0.0,0.0,1.0,0.0,0.0,1.0,1.0,0.0,1.0,0.0,0.0,0.0,1.0,1.0,1.0
ONCOGENIC_RB_P130_DN.V1_UP,0.6794600000000001,early_stage,False,0.0,0.0,1.0,1.0,1.0,1.0,1.0,1.0,1.0,1.0,1.0,1.0,1.0,1.0,1.0,1.0
ONCOGENIC_RELA_DN.V1_DN,0.13359000000000001,early_stage,False,0.3703703703703704,0.037037037037037035,2.7037037037037037,0.3703703703703704,0.4444444444444444,0.4814814814814815,0.2962962962962963,0.14814814814814814,0.1851851851851852,0.2222222222222222,1.4814814814814814,1.5925925925925926,1.111111111111111,0.9259259259259258,1.5925925925925926,1.9629629629629632
ONCOGENIC_RELA_DN.V1_UP,0.00674,early_stage,False,0.9797979797979798,0.6565656565656566,1.0101010101010102,0.5757575757575757,0.9595959595959596,0.9090909090909092,0.9797979797979798,0.9090909090909092,0.9191919191919192,0.8585858585858586,1.0101010101010102,1.0,1.0101010101010102,1.0101010101010102,1.0101010101010102,1.0101010101010102
ONCOGENIC_RPS14_DN.V1_DN,0.4542,late_stage,False,0.0,1.0,1.0,0.0,1.0,1.0,1.0,1.0,1.0,1.0,0.0,1.0,1.0,1.0,0.0,1.0
ONCOGENIC_RPS14_DN.V1_UP,0.90451,late_stage,False,0.0,0.0,1.0,1.0,1.0,1.0,1.0,1.0,1.0,1.0,1.0,1.0,1.0,1.0,1.0,1.0
ONCOGENIC_SINGH_KRAS_DEPENDENCY_SIGNATURE,0.60929,late_stage,False,1.0,0.0,1.0,0.0,1.0,0.0,1.0,1.0,1.0,0.0,1.0,1.0,1.0,1.0,1.0,1.0
ONCOGENIC_SIRNA_EIF4GI_DN,0.3532,late_stage,False,1.0,0.0,2.5,0.0,1.0,0.5,0.5,0.0,0.0,0.0,0.5,2.0,2.0,0.5,0.5,0.0
ONCOGENIC_SIRNA_EIF4GI_UP,0.8211,late_stage,False,0.0,1.0,0.0,1.0,1.0,1.0,1.0,1.0,1.0,1.0,1.0,1.0,1.0,1.0,1.0,1.0
ONCOGENIC_SNF5_DN.V1_DN,0.16505999999999998,early_stage,False,13.714285714285712,0.0,2.4285714285714284,0.0,0.7142857142857143,0.14285714285714285,1.857142857142857,1.5714285714285714,0.857142857142857,0.5714285714285714,1.2857142857142856,1.857142857142857,3.0,0.5714285714285714,0.5714285714285714,0.0
ONCOGENIC_SNF5_DN.V1_UP,0.86616,late_stage,False,0.0,1.0,1.0,0.0,1.0,1.0,1.0,1.0,1.0,1.0,1.0,1.0,1.0,1.0,1.0,1.0
ONCOGENIC_SRC_UP.V1_DN,0.7539399999999999,late_stage,False,0.0,1.0,1.0,1.0,1.0,1.0,1.0,1.0,1.0,1.0,1.0,1.0,1.0,1.0,1.0,1.0
ONCOGENIC_SRC_UP.V1_UP,0.73318,early_stage,True,1.0,1.0,1.0,1.0,1.0,1.0,1.0,1.0,1.0,1.0,1.0,1.0,1.0,1.0,1.0,1.0
ONCOGENIC_STK33_DN,0.20178,late_stage,False,3.666666666666667,0.5555555555555556,0.11111111111111112,1.8888888888888893,2.5555555555555562,0.6666666666666666,1.4444444444444446,1.3333333333333333,3.333333333333333,4.333333333333334,0.22222222222222224,0.6666666666666666,0.3333333333333333,0.8888888888888891,0.4444444444444445,1.7777777777777781
ONCOGENIC_STK33_NOMO_DN,0.51626,late_stage,False,0.0,1.0,1.0,0.0,0.0,1.0,1.0,1.0,0.0,0.0,1.0,1.0,1.0,1.0,1.0,1.0
ONCOGENIC_STK33_NOMO_UP,0.035710000000000006,early_stage,False,1.125,0.0,1.546875,0.125,0.8125,0.609375,0.40625,0.625,0.1875,0.296875,1.375,1.484375,1.09375,1.296875,1.4375,1.484375
ONCOGENIC_STK33_SKM_DN,0.6271399999999999,late_stage,False,0.0,1.0,1.0,1.0,0.0,1.0,1.0,1.0,1.0,1.0,1.0,1.0,1.0,1.0,1.0,0.0
ONCOGENIC_STK33_SKM_UP,0.37388000000000005,early_stage,False,0.0,1.0,0.0,0.0,1.0,0.0,1.0,1.0,1.0,1.0,0.0,0.0,0.0,1.0,0.0,0.0
ONCOGENIC_STK33_UP,0.12662,early_stage,False,3.0,0.0,4.0588235294117645,1.0588235294117645,0.5294117647058822,0.3529411764705882,0.2352941176470588,0.4705882352941176,0.0,0.1176470588235294,2.3529411764705883,2.8235294117647056,0.823529411764706,1.0,2.9411764705882346,3.4117647058823524
ONCOGENIC_TBK1.DF_DN,0.69812,early_stage,False,1.0,1.0,1.0,1.0,1.0,1.0,1.0,0.0,1.0,1.0,1.0,1.0,1.0,1.0,0.0,0.0
ONCOGENIC_TBK1.DF_UP,0.23895999999999998,late_stage,False,13.0,72.0,0.0,39.0,3.0,9.0,3.0,12.0,18.0,3.0,1.0,1.0,2.0,1.0,2.0,0.0
ONCOGENIC_TBK1.DN.48HRS_DN,0.70295,late_stage,True,1.0,1.0,1.0,1.0,1.0,1.0,1.0,1.0,1.0,1.0,1.0,1.0,1.0,1.0,1.0,1.0
ONCOGENIC_TBK1.DN.48HRS_UP,0.57833,late_stage,False,1.0,1.0,0.0,1.0,1.0,1.0,1.0,1.0,1.0,1.0,1.0,1.0,0.0,1.0,1.0,1.0
ONCOGENIC_TGFB_UP.V1_DN,0.64935,late_stage,False,0.0,0.0,1.0,0.0,1.0,1.0,1.0,1.0,1.0,1.0,1.0,1.0,1.0,1.0,1.0,1.0
ONCOGENIC_TGFB_UP.V1_UP,0.58838,late_stage,False,0.0,0.0,1.0,1.0,1.0,1.0,1.0,1.0,1.0,0.0,1.0,1.0,1.0,1.0,1.0,1.0
ONCOGENIC_VEGF_A_UP.V1_DN,0.52733,late_stage,False,1.0,1.0,1.0,1.0,1.0,1.0,1.0,1.0,1.0,1.0,0.0,0.0,0.0,1.0,1.0,1.0
ONCOGENIC_VEGF_A_UP.V1_UP,0.7197399999999999,early_stage,False,1.0,1.0,1.0,1.0,1.0,1.0,1.0,1.0,1.0,1.0,1.0,1.0,1.0,1.0,1.0,0.0
ONCOGENIC_WNT_UP.V1_DN,0.03695,early_stage,False,1.818181818181818,0.3272727272727272,1.2,0.3454545454545454,0.9272727272727272,0.8363636363636363,1.3090909090909089,1.2363636363636363,0.6909090909090908,1.0,1.4363636363636365,1.2727272727272725,1.2181818181818185,1.2363636363636363,1.3636363636363635,0.7090909090909091
ONCOGENIC_WNT_UP.V1_UP,0.9418200000000001,late_stage,False,1.0,1.0,1.0,0.0,1.0,1.0,1.0,1.0,1.0,1.0,1.0,1.0,1.0,1.0,1.0,1.0
ONCOGENIC_YAP1_DN,0.45598,late_stage,False,0.0,0.0,1.0,0.0,1.0,1.0,1.0,1.0,1.0,0.0,1.0,0.0,1.0,1.0,1.0,1.0
ONCOGENIC_YAP1_UP,0.5747800000000001,late_stage,False,1.0,1.0,1.0,0.0,1.0,1.0,1.0,1.0,1.0,1.0,1.0,1.0,1.0,1.0,1.0,1.0
