,beanie_pval,direction,robust,excluded_MEL_1,excluded_MEL_2,excluded_MEL_9,excluded_MEL_4,excluded_MEL_10,excluded_MEL_8,excluded_MEL_13,excluded_MEL_5,excluded_MEL_0,excluded_MEL_11,excluded_MEL_6,excluded_MEL_3,excluded_MEL_7,excluded_MEL_12
HALLMARK_ADIPOGENESIS,0.32218,treatment_naive,False,1.0,1.0,1.0,1.0,0.0,0.0,1.0,1.0,1.0,1.0,1.0,1.0,1.0,0.0
HALLMARK_ALLOGRAFT_REJECTION,0.11498,treatment_naive,False,0.0,1.0,1.0,1.0,0.0,0.0,1.0,0.0,0.0,1.0,0.0,0.0,1.0,0.0
HALLMARK_ANDROGEN_RESPONSE,0.03841,treatment_naive,False,0.01449275362318841,1.028985507246377,0.1884057971014493,0.07246376811594205,1.4492753623188408,1.4492753623188408,1.2173913043478262,1.4492753623188408,0.08695652173913042,0.3768115942028986,0.028985507246376812,0.4347826086956522,0.8985507246376813,1.3623188405797102
HALLMARK_ANGIOGENESIS,0.06062000000000001,treatment_naive,False,2.7419354838709675,3.2258064516129035,0.0,1.3870967741935485,3.2258064516129035,2.161290322580645,3.2258064516129035,0.0,0.0,0.0,0.0,0.0,0.3548387096774194,2.032258064516129
HALLMARK_APICAL_JUNCTION,0.9825200000000001,ICB_treated,False,1.0,1.0,1.0,1.0,0.0,1.0,1.0,1.0,1.0,1.0,1.0,1.0,1.0,1.0
HALLMARK_APICAL_SURFACE,0.44186000000000003,treatment_naive,False,1.0,1.0,1.0,1.0,0.0,1.0,0.0,1.0,1.0,1.0,1.0,1.0,1.0,1.0
HALLMARK_APOPTOSIS,0.00013000000000000002,treatment_naive,True,1.0,1.0,1.0,1.0,1.0,1.0,1.0,1.0,1.0,1.0,1.0,1.0,1.0,1.0
HALLMARK_BILE_ACID_METABOLISM,0.26268,treatment_naive,False,1.0,1.0,1.0,1.0,0.0,1.0,1.0,1.0,1.0,1.0,1.0,1.0,1.0,1.0
HALLMARK_CHOLESTEROL_HOMEOSTASIS,0.11517999999999999,treatment_naive,False,0.0,4.5,0.0,0.0,50.0,0.0,2.0,50.0,0.0,0.0,0.5,0.0,0.0,16.0
HALLMARK_COAGULATION,0.022340000000000002,treatment_naive,False,0.48,1.0,0.93,0.91,1.0,1.0,1.0,0.95,0.01,1.0,0.98,1.0,0.97,1.0
HALLMARK_COMPLEMENT,0.022619999999999998,treatment_naive,False,0.14942528735632185,1.1494252873563218,0.10344827586206896,0.4367816091954023,1.1494252873563218,1.1494252873563218,1.1494252873563218,1.1264367816091954,0.0,0.5402298850574713,1.137931034482759,1.1494252873563218,0.6551724137931034,1.1494252873563218
HALLMARK_DNA_REPAIR,0.0261,ICB_treated,False,1.2307692307692306,1.2692307692307692,0.0,0.21794871794871795,0.1794871794871795,0.6794871794871795,1.282051282051282,1.282051282051282,1.0897435897435896,1.064102564102564,0.5384615384615384,1.2692307692307692,0.6282051282051282,0.5512820512820512
HALLMARK_E2F_TARGETS,0.01832,ICB_treated,False,1.0,1.0416666666666667,0.6458333333333334,0.01041666666666667,0.6875000000000001,1.0416666666666667,1.0416666666666667,0.96875,0.8020833333333334,1.0416666666666667,0.90625,1.0416666666666667,0.9166666666666669,1.0416666666666667
HALLMARK_EPITHELIAL_MESENCHYMAL_TRANSITION,0.19692,treatment_naive,False,1.0,0.0,1.0,1.0,0.0,1.0,0.0,1.0,1.0,1.0,1.0,1.0,1.0,1.0
HALLMARK_ESTROGEN_RESPONSE_EARLY,0.18042,treatment_naive,False,1.0,0.0,1.0,1.0,0.0,1.0,0.0,0.0,1.0,1.0,1.0,0.0,1.0,1.0
HALLMARK_ESTROGEN_RESPONSE_LATE,0.92294,ICB_treated,False,1.0,1.0,1.0,1.0,0.0,1.0,1.0,1.0,1.0,1.0,1.0,1.0,1.0,1.0
HALLMARK_FATTY_ACID_METABOLISM,0.48789,treatment_naive,True,1.0,1.0,1.0,1.0,1.0,1.0,1.0,1.0,1.0,1.0,1.0,1.0,1.0,1.0
HALLMARK_G2M_CHECKPOINT,0.08634,ICB_treated,False,1.625,3.0,0.125,0.0,0.0,4.25,12.5,0.0,0.25,5.5,0.375,12.5,0.375,5.625
HALLMARK_GLYCOLYSIS,0.17567,ICB_treated,False,0.0,1.0,1.0,1.0,1.0,1.0,1.0,1.0,1.0,0.0,0.0,1.0,1.0,1.0
HALLMARK_HEDGEHOG_SIGNALING,0.54902,ICB_treated,True,1.0,1.0,1.0,1.0,1.0,1.0,1.0,1.0,1.0,1.0,1.0,1.0,1.0,1.0
HALLMARK_HEME_METABOLISM,0.053,treatment_naive,False,0.4915254237288135,1.5084745762711866,0.0,0.0,1.6949152542372885,0.7457627118644068,0.8644067796610171,1.5084745762711866,0.0,0.44067796610169496,1.6779661016949152,1.6949152542372885,0.3559322033898305,1.5593220338983051
HALLMARK_HYPOXIA,0.12327,treatment_naive,False,1.0,0.0,1.0,1.0,0.0,0.0,0.0,1.0,1.0,1.0,1.0,0.0,0.0,0.0
HALLMARK_IL2_STAT5_SIGNALING,0.00033,treatment_naive,True,1.0,1.0,1.0,1.0,1.0,1.0,1.0,1.0,1.0,1.0,1.0,1.0,1.0,1.0
HALLMARK_IL6_JAK_STAT3_SIGNALING,0.00109,treatment_naive,True,1.0,1.0,1.0,1.0,1.0,1.0,1.0,1.0,1.0,1.0,1.0,1.0,1.0,1.0
HALLMARK_INFLAMMATORY_RESPONSE,0.00256,treatment_naive,True,1.0,1.0,0.99,1.0,1.0,1.0,1.0,1.0,1.0,1.0,1.0,1.0,1.0,1.0
HALLMARK_INTERFERON_ALPHA_RESPONSE,0.03204,treatment_naive,False,0.4943820224719101,0.3146067415730337,0.07865168539325844,0.0,1.1235955056179776,1.1235955056179776,0.10112359550561796,1.1235955056179776,0.033707865168539325,1.0112359550561798,1.1235955056179776,1.1235955056179776,0.8651685393258427,1.1235955056179776
HALLMARK_INTERFERON_GAMMA_RESPONSE,0.014159999999999999,treatment_naive,False,0.7,0.86,0.43,0.33,1.0,1.0,0.71,1.0,0.42,0.94,1.0,1.0,0.98,1.0
HALLMARK_KRAS_SIGNALING_DN,0.09822,ICB_treated,False,0.0,0.0,50.0,0.0,0.0,28.5,0.0,0.0,8.5,0.0,15.5,11.5,2.0,16.0
HALLMARK_KRAS_SIGNALING_UP,0.25074,treatment_naive,False,1.0,0.0,1.0,1.0,0.0,0.0,0.0,1.0,1.0,1.0,1.0,1.0,1.0,0.0
HALLMARK_MITOTIC_SPINDLE,0.4123,ICB_treated,True,1.0,1.0,1.0,1.0,1.0,1.0,1.0,1.0,1.0,1.0,1.0,1.0,1.0,1.0
HALLMARK_MTORC1_SIGNALING,0.35932,ICB_treated,False,1.0,1.0,1.0,1.0,1.0,1.0,1.0,1.0,1.0,0.0,1.0,1.0,1.0,1.0
HALLMARK_MYC_TARGETS_V1,0.025830000000000002,ICB_treated,False,0.9191919191919192,1.0101010101010102,0.0,0.030303030303030307,1.0101010101010102,0.9393939393939394,1.0101010101010102,1.0101010101010102,0.4848484848484849,1.0101010101010102,0.9191919191919192,1.0101010101010102,0.6464646464646465,1.0101010101010102
HALLMARK_MYC_TARGETS_V2,0.0106,ICB_treated,False,0.91,1.0,0.48,0.71,0.98,0.89,1.0,1.0,0.64,1.0,1.0,1.0,1.0,1.0
HALLMARK_MYOGENESIS,0.61766,ICB_treated,True,1.0,1.0,1.0,1.0,1.0,1.0,1.0,1.0,1.0,1.0,1.0,1.0,1.0,1.0
HALLMARK_NOTCH_SIGNALING,0.51858,ICB_treated,True,1.0,1.0,1.0,1.0,1.0,1.0,1.0,1.0,1.0,1.0,1.0,1.0,1.0,1.0
HALLMARK_OXIDATIVE_PHOSPHORYLATION,0.12974000000000002,ICB_treated,False,0.0,4.166666666666667,0.0,0.0,0.0,0.33333333333333337,6.666666666666668,9.833333333333334,0.33333333333333337,3.0,0.0,13.000000000000002,0.0,0.0
HALLMARK_P53_PATHWAY,0.23288000000000003,treatment_naive,False,1.0,0.0,1.0,1.0,0.0,1.0,1.0,1.0,1.0,1.0,1.0,0.0,1.0,0.0
HALLMARK_PANCREAS_BETA_CELLS,0.13012,ICB_treated,False,11.8,3.6,1.6,0.0,1.0,0.0,0.0,0.2,0.0,0.2,10.6,7.199999999999998,5.6000000000000005,0.0
HALLMARK_PEROXISOME,0.93765,ICB_treated,True,1.0,1.0,1.0,1.0,1.0,1.0,1.0,1.0,1.0,1.0,1.0,1.0,1.0,1.0
HALLMARK_PI3K_AKT_MTOR_SIGNALING,0.97352,ICB_treated,True,1.0,1.0,1.0,1.0,1.0,1.0,1.0,1.0,1.0,1.0,1.0,1.0,1.0,1.0
HALLMARK_PROTEIN_SECRETION,0.11010999999999999,treatment_naive,False,0.0,0.6,3.2,0.0,20.0,13.999999999999998,0.0,0.2,0.0,0.0,2.6,8.6,0.2,8.6
HALLMARK_REACTIVE_OXYGEN_SPECIES_PATHWAY,0.99746,ICB_treated,True,1.0,1.0,1.0,1.0,1.0,1.0,1.0,1.0,1.0,1.0,1.0,1.0,1.0,1.0
HALLMARK_SPERMATOGENESIS,0.14699,ICB_treated,False,0.0,0.0,0.0,1.0,1.0,0.0,0.0,1.0,1.0,0.0,1.0,0.0,1.0,0.0
HALLMARK_TGF_BETA_SIGNALING,0.74532,treatment_naive,False,1.0,1.0,1.0,1.0,0.0,1.0,1.0,1.0,1.0,1.0,1.0,1.0,1.0,1.0
HALLMARK_TNFA_SIGNALING_VIA_NFKB,0.0,treatment_naive,True,1.0,1.0,1.0,1.0,1.0,1.0,1.0,1.0,1.0,1.0,1.0,1.0,1.0,1.0
HALLMARK_UNFOLDED_PROTEIN_RESPONSE,0.8503,treatment_naive,True,1.0,1.0,1.0,1.0,1.0,1.0,1.0,1.0,1.0,1.0,1.0,1.0,1.0,1.0
HALLMARK_UV_RESPONSE_DN,0.0555,treatment_naive,False,0.022727272727272728,2.272727272727273,0.0,0.9545454545454544,2.272727272727273,0.022727272727272728,0.9090909090909092,1.7272727272727273,0.0,0.15909090909090912,0.0,2.25,0.7045454545454546,0.06818181818181818
HALLMARK_UV_RESPONSE_UP,0.95209,ICB_treated,False,1.0,1.0,1.0,1.0,0.0,1.0,1.0,1.0,1.0,1.0,1.0,1.0,1.0,1.0
HALLMARK_WNT_BETA_CATENIN_SIGNALING,0.14924,ICB_treated,False,0.0,0.0,14.000000000000002,0.0,0.0,13.0,3.0,1.0,13.0,0.0,0.0,1.0,0.0,3.0
HALLMARK_XENOBIOTIC_METABOLISM,0.53546,treatment_naive,False,1.0,0.0,1.0,1.0,0.0,1.0,1.0,1.0,1.0,1.0,1.0,1.0,1.0,1.0
ONCOGENIC_AKT_UP.V1_DN,0.78047,treatment_naive,False,1.0,1.0,1.0,1.0,0.0,1.0,1.0,1.0,1.0,1.0,1.0,1.0,1.0,1.0
ONCOGENIC_AKT_UP.V1_UP,0.31248000000000004,treatment_naive,False,1.0,1.0,1.0,1.0,0.0,1.0,1.0,0.0,1.0,1.0,1.0,1.0,1.0,1.0
ONCOGENIC_AKT_UP_MTOR_DN.V1_DN,0.57495,treatment_naive,False,1.0,1.0,1.0,1.0,0.0,1.0,1.0,1.0,1.0,1.0,1.0,1.0,1.0,1.0
ONCOGENIC_AKT_UP_MTOR_DN.V1_UP,0.2348,treatment_naive,False,1.0,0.0,1.0,1.0,0.0,1.0,1.0,0.0,1.0,1.0,1.0,1.0,1.0,1.0
ONCOGENIC_ALK_DN.V1_DN,0.8054600000000001,ICB_treated,True,1.0,1.0,1.0,1.0,1.0,1.0,1.0,1.0,1.0,1.0,1.0,1.0,1.0,1.0
ONCOGENIC_ALK_DN.V1_UP,0.64962,treatment_naive,False,1.0,1.0,1.0,1.0,0.0,1.0,1.0,1.0,1.0,1.0,1.0,1.0,1.0,1.0
ONCOGENIC_ATF2_S_UP.V1_DN,0.40948,treatment_naive,False,1.0,1.0,1.0,1.0,0.0,1.0,1.0,1.0,1.0,1.0,1.0,1.0,1.0,1.0
ONCOGENIC_ATF2_S_UP.V1_UP,0.94066,ICB_treated,True,1.0,1.0,1.0,1.0,1.0,1.0,1.0,1.0,1.0,1.0,1.0,1.0,1.0,1.0
ONCOGENIC_ATF2_UP.V1_DN,0.11696,treatment_naive,False,1.0,0.0,1.0,0.0,0.0,0.0,0.0,0.0,1.0,1.0,1.0,1.0,0.0,0.0
ONCOGENIC_ATF2_UP.V1_UP,0.025660000000000002,ICB_treated,False,1.119047619047619,1.1428571428571428,1.1785714285714286,0.0,0.011904761904761906,1.1666666666666667,0.8809523809523809,0.5595238095238095,0.5952380952380952,1.1904761904761905,1.119047619047619,1.1785714285714286,1.1904761904761905,1.119047619047619
ONCOGENIC_ATM_DN.V1_DN,0.16525,ICB_treated,False,1.0,1.0,0.0,1.0,1.0,1.0,1.0,1.0,1.0,0.0,0.0,0.0,1.0,1.0
ONCOGENIC_ATM_DN.V1_UP,0.60463,ICB_treated,True,1.0,1.0,1.0,1.0,1.0,1.0,1.0,1.0,1.0,1.0,1.0,1.0,1.0,1.0
ONCOGENIC_BCAT.100_UP.V1_DN,0.9999600000000001,treatment_naive,True,1.0,1.0,1.0,1.0,1.0,1.0,1.0,1.0,1.0,1.0,1.0,1.0,1.0,1.0
ONCOGENIC_BCAT.100_UP.V1_UP,0.38674000000000003,treatment_naive,False,1.0,1.0,1.0,0.0,0.0,1.0,1.0,1.0,1.0,1.0,1.0,1.0,1.0,1.0
ONCOGENIC_BCAT_BILD_ET_AL_DN,0.017269999999999997,treatment_naive,False,1.0,1.0,0.58,0.36,1.0,1.0,0.77,1.0,0.84,0.85,1.0,1.0,1.0,0.94
ONCOGENIC_BCAT_BILD_ET_AL_UP,0.51982,ICB_treated,True,1.0,1.0,1.0,1.0,1.0,1.0,1.0,1.0,1.0,1.0,1.0,1.0,1.0,1.0
ONCOGENIC_BCAT_GDS748_DN,0.07984,ICB_treated,False,0.1,0.65,1.875,1.525,0.0,1.0499999999999998,1.3,0.15,2.45,0.0,0.025,0.275,0.0,0.475
ONCOGENIC_BCAT_GDS748_UP,0.1103,treatment_naive,False,0.0,4.142857142857142,0.2857142857142857,8.142857142857139,14.285714285714285,0.4285714285714285,13.714285714285712,2.2857142857142856,0.2857142857142857,0.0,0.0,8.714285714285714,0.0,5.428571428571428
ONCOGENIC_BMI1_DN.V1_DN,0.76371,ICB_treated,True,1.0,1.0,1.0,1.0,1.0,1.0,1.0,1.0,1.0,1.0,1.0,1.0,1.0,1.0
ONCOGENIC_BMI1_DN.V1_UP,0.07338,treatment_naive,False,0.1891891891891892,2.5675675675675675,0.0,2.5675675675675675,2.702702702702702,0.08108108108108109,2.6486486486486487,2.675675675675676,0.027027027027027032,0.0,0.0,0.7837837837837838,0.027027027027027032,0.4864864864864865
ONCOGENIC_BMI1_DN_MEL18_DN.V1_DN,0.17586,treatment_naive,False,1.0,0.0,1.0,1.0,0.0,0.0,0.0,1.0,1.0,1.0,1.0,1.0,0.0,0.0
ONCOGENIC_BMI1_DN_MEL18_DN.V1_UP,0.06514,treatment_naive,False,0.25,1.6666666666666667,0.0,1.6,1.6666666666666667,0.05,1.6333333333333333,1.6666666666666667,0.0,0.0,0.4500000000000001,1.2666666666666668,0.0,0.3166666666666667
ONCOGENIC_BRCA1_DN.V1_DN,0.42888999999999994,ICB_treated,True,1.0,1.0,1.0,1.0,1.0,1.0,1.0,1.0,1.0,1.0,1.0,1.0,1.0,1.0
ONCOGENIC_BRCA1_DN.V1_UP,0.36954000000000004,ICB_treated,True,1.0,1.0,1.0,1.0,1.0,1.0,1.0,1.0,1.0,1.0,1.0,1.0,1.0,1.0
ONCOGENIC_CAHOY_ASTROCYTIC,0.78323,treatment_naive,True,1.0,1.0,1.0,1.0,1.0,1.0,1.0,1.0,1.0,1.0,1.0,1.0,1.0,1.0
ONCOGENIC_CAHOY_ASTROGLIAL,0.00055,treatment_naive,True,1.0,1.0,1.0,1.0,1.0,1.0,1.0,1.0,1.0,1.0,1.0,1.0,1.0,1.0
ONCOGENIC_CAHOY_NEURONAL,0.02404,ICB_treated,False,0.9052631578947368,0.8105263157894738,1.0526315789473684,0.010526315789473686,0.010526315789473686,1.0526315789473684,0.9789473684210528,0.5578947368421053,0.6526315789473685,1.0526315789473684,1.0526315789473684,1.0526315789473684,1.0526315789473684,0.7894736842105263
ONCOGENIC_CAHOY_OLIGODENDROCUTIC,0.57573,ICB_treated,False,1.0,1.0,0.0,1.0,1.0,1.0,1.0,1.0,1.0,1.0,1.0,1.0,1.0,1.0
ONCOGENIC_CAMP_UP.V1_DN,0.9059799999999999,ICB_treated,False,1.0,1.0,1.0,1.0,0.0,1.0,1.0,1.0,1.0,1.0,1.0,1.0,1.0,1.0
ONCOGENIC_CAMP_UP.V1_UP,0.75865,ICB_treated,False,1.0,1.0,1.0,1.0,0.0,1.0,1.0,1.0,1.0,1.0,1.0,1.0,1.0,1.0
ONCOGENIC_CORDENONSI_YAP_CONSERVED_SIGNATURE,0.7326199999999999,treatment_naive,False,1.0,1.0,1.0,1.0,0.0,1.0,1.0,1.0,1.0,1.0,1.0,1.0,1.0,1.0
ONCOGENIC_CRX_DN.V1_DN,0.05284,treatment_naive,False,0.04651162790697674,2.069767441860465,0.0,2.162790697674419,2.3255813953488373,2.2093023255813957,2.2093023255813957,0.09302325581395347,0.02325581395348837,0.3488372093023256,0.02325581395348837,1.4883720930232558,0.13953488372093026,2.0
ONCOGENIC_CRX_DN.V1_UP,0.6231399999999999,treatment_naive,False,1.0,1.0,1.0,1.0,0.0,1.0,1.0,1.0,1.0,1.0,1.0,1.0,1.0,1.0
ONCOGENIC_CRX_NRL_DN.V1_DN,0.36477,treatment_naive,False,1.0,0.0,1.0,0.0,0.0,1.0,1.0,1.0,1.0,1.0,1.0,1.0,1.0,1.0
ONCOGENIC_CRX_NRL_DN.V1_UP,0.33388,treatment_naive,False,1.0,1.0,1.0,1.0,0.0,1.0,1.0,0.0,1.0,1.0,1.0,1.0,1.0,1.0
ONCOGENIC_CSR_EARLY_UP.V1_DN,0.22354000000000002,treatment_naive,False,1.0,0.0,1.0,1.0,0.0,1.0,1.0,1.0,1.0,0.0,1.0,0.0,1.0,1.0
ONCOGENIC_CSR_EARLY_UP.V1_UP,0.09992000000000001,ICB_treated,False,4.461538461538461,0.15384615384615385,0.0,0.07692307692307693,0.0,0.5384615384615385,6.0,0.0,0.0,7.23076923076923,7.153846153846153,1.3076923076923077,2.0769230769230766,0.7692307692307693
ONCOGENIC_CSR_LATE_UP.V1_DN,0.89656,ICB_treated,True,1.0,1.0,1.0,1.0,1.0,1.0,1.0,1.0,1.0,1.0,1.0,1.0,1.0,1.0
ONCOGENIC_CSR_LATE_UP.V1_UP,0.05674,ICB_treated,False,1.4888888888888892,0.9333333333333332,0.0,0.0,0.0,0.9333333333333332,1.9333333333333331,1.7333333333333334,0.4,2.2222222222222223,1.2444444444444445,2.2222222222222223,0.08888888888888889,0.4888888888888889
ONCOGENIC_CTIP_DN.V1_DN,0.42277,treatment_naive,False,1.0,1.0,1.0,1.0,0.0,1.0,1.0,0.0,1.0,1.0,1.0,1.0,1.0,1.0
ONCOGENIC_CTIP_DN.V1_UP,0.8513700000000001,ICB_treated,True,1.0,1.0,1.0,1.0,1.0,1.0,1.0,1.0,1.0,1.0,1.0,1.0,1.0,1.0
ONCOGENIC_CYCLIN_D1_KE_.V1_DN,0.0422,ICB_treated,False,1.1411764705882352,1.152941176470588,1.1764705882352942,0.2235294117647059,0.0,0.8117647058823529,0.7058823529411765,0.4588235294117648,0.9058823529411764,1.1764705882352942,1.0823529411764707,0.9882352941176472,0.24705882352941175,0.4
ONCOGENIC_CYCLIN_D1_KE_.V1_UP,0.9561,ICB_treated,True,1.0,1.0,1.0,1.0,1.0,1.0,1.0,1.0,1.0,1.0,1.0,1.0,1.0,1.0
ONCOGENIC_CYCLIN_D1_UP.V1_DN,0.9466700000000001,ICB_treated,False,1.0,1.0,1.0,1.0,0.0,1.0,1.0,1.0,1.0,1.0,1.0,1.0,1.0,1.0
ONCOGENIC_CYCLIN_D1_UP.V1_UP,0.6539699999999999,ICB_treated,True,1.0,1.0,1.0,1.0,1.0,1.0,1.0,1.0,1.0,1.0,1.0,1.0,1.0,1.0
ONCOGENIC_DCA_UP.V1_DN,0.57575,ICB_treated,True,1.0,1.0,1.0,1.0,1.0,1.0,1.0,1.0,1.0,1.0,1.0,1.0,1.0,1.0
ONCOGENIC_DCA_UP.V1_UP,0.25166,ICB_treated,False,1.0,1.0,0.0,1.0,1.0,1.0,1.0,1.0,1.0,0.0,1.0,1.0,1.0,1.0
ONCOGENIC_E2F1_UP.V1_DN,0.00558,treatment_naive,False,1.0,1.0,0.95,1.0,1.0,1.0,1.0,1.0,0.64,1.0,0.96,1.0,1.0,1.0
ONCOGENIC_E2F1_UP.V1_UP,0.03948,ICB_treated,False,1.042857142857143,0.8428571428571429,1.3,0.028571428571428574,0.0,0.9285714285714288,1.4285714285714286,0.15714285714285714,0.5714285714285715,1.4285714285714286,1.0714285714285714,1.3142857142857145,1.0,1.3714285714285714
ONCOGENIC_E2F3_UP.V1_DN,0.39254,ICB_treated,False,1.0,1.0,0.0,1.0,1.0,1.0,1.0,1.0,1.0,1.0,1.0,1.0,1.0,1.0
ONCOGENIC_E2F3_UP.V1_UP,0.43764,ICB_treated,True,1.0,1.0,1.0,1.0,1.0,1.0,1.0,1.0,1.0,1.0,1.0,1.0,1.0,1.0
ONCOGENIC_EGFR_UP.V1_DN,0.10784,treatment_naive,False,0.0,48.5,0.0,2.0,50.0,3.0,0.5,39.0,0.0,0.5,1.0,1.0,8.5,0.5
ONCOGENIC_EGFR_UP.V1_UP,1e-05,treatment_naive,True,1.0,1.0,1.0,1.0,1.0,1.0,1.0,1.0,1.0,1.0,1.0,1.0,1.0,1.0
ONCOGENIC_EIF4E_DN,0.00231,treatment_naive,True,1.0,1.0,1.0,1.0,1.0,1.0,1.0,1.0,1.0,1.0,1.0,1.0,1.0,1.0
ONCOGENIC_EIF4E_UP,0.03298,ICB_treated,False,0.7065217391304348,0.8152173913043478,0.15217391304347827,0.9782608695652174,0.19565217391304346,0.021739130434782608,1.0869565217391304,1.0869565217391304,0.9130434782608696,0.9565217391304348,0.8913043478260869,1.0543478260869563,0.5326086956521738,0.2608695652173913
ONCOGENIC_ERBB2_UP.V1_DN,0.05612,treatment_naive,False,0.0,1.5079365079365081,0.0,1.1587301587301586,1.5873015873015872,0.8571428571428572,0.0,1.5873015873015872,0.031746031746031744,0.015873015873015872,0.6825396825396826,0.6507936507936507,0.015873015873015872,0.15873015873015875
ONCOGENIC_ERBB2_UP.V1_UP,0.22551999999999997,treatment_naive,False,1.0,0.0,1.0,1.0,0.0,1.0,0.0,1.0,1.0,1.0,1.0,1.0,1.0,1.0
ONCOGENIC_ESC_J1_UP_EARLY.V1_DN,0.21158000000000002,treatment_naive,False,1.0,0.0,1.0,1.0,0.0,1.0,1.0,1.0,1.0,1.0,1.0,1.0,1.0,0.0
ONCOGENIC_ESC_J1_UP_EARLY.V1_UP,0.47448,treatment_naive,False,1.0,1.0,1.0,1.0,0.0,1.0,1.0,1.0,1.0,1.0,1.0,1.0,1.0,1.0
ONCOGENIC_ESC_J1_UP_LATE.V1_DN,0.24435,ICB_treated,False,1.0,1.0,1.0,1.0,1.0,1.0,0.0,1.0,1.0,1.0,0.0,1.0,1.0,1.0
ONCOGENIC_ESC_J1_UP_LATE.V1_UP,0.43016000000000004,treatment_naive,False,1.0,0.0,1.0,1.0,0.0,1.0,0.0,1.0,1.0,1.0,1.0,1.0,1.0,1.0
ONCOGENIC_ESC_V6.5_UP_EARLY.V1_DN,0.01785,treatment_naive,False,1.0104166666666667,1.0416666666666667,0.27083333333333337,0.8229166666666667,1.0416666666666667,1.0416666666666667,1.0416666666666667,1.0104166666666667,0.8229166666666667,0.5625000000000001,0.3020833333333333,0.9791666666666666,0.7083333333333334,1.0416666666666667
ONCOGENIC_ESC_V6.5_UP_EARLY.V1_UP,0.37927,ICB_treated,False,1.0,1.0,0.0,1.0,1.0,1.0,1.0,1.0,1.0,1.0,1.0,1.0,1.0,1.0
ONCOGENIC_ESC_V6.5_UP_LATE.V1_DN,0.9158200000000001,ICB_treated,True,1.0,1.0,1.0,1.0,1.0,1.0,1.0,1.0,1.0,1.0,1.0,1.0,1.0,1.0
ONCOGENIC_ESC_V6.5_UP_LATE.V1_UP,0.52468,treatment_naive,False,1.0,1.0,1.0,1.0,0.0,1.0,1.0,1.0,1.0,1.0,1.0,1.0,1.0,1.0
ONCOGENIC_GCNP_SHH_UP_EARLY.V1_DN,0.09137999999999999,treatment_naive,False,1.4545454545454546,7.909090909090909,0.0,0.0,9.090909090909092,0.09090909090909093,0.5454545454545454,7.2727272727272725,0.0,0.0,0.09090909090909093,6.454545454545454,0.6363636363636365,0.09090909090909093
ONCOGENIC_GCNP_SHH_UP_EARLY.V1_UP,0.86698,ICB_treated,True,1.0,1.0,1.0,1.0,1.0,1.0,1.0,1.0,1.0,1.0,1.0,1.0,1.0,1.0
ONCOGENIC_GCNP_SHH_UP_LATE.V1_DN,0.57599,ICB_treated,False,1.0,1.0,1.0,1.0,1.0,1.0,1.0,1.0,1.0,0.0,1.0,1.0,1.0,1.0
ONCOGENIC_GCNP_SHH_UP_LATE.V1_UP,0.33188,ICB_treated,False,1.0,1.0,1.0,1.0,1.0,1.0,0.0,1.0,1.0,0.0,1.0,1.0,1.0,1.0
ONCOGENIC_GLI1_UP.V1_DN,0.0469,treatment_naive,False,1.296875,1.234375,0.5,0.375,1.5625,0.265625,0.25,0.8750000000000001,0.03125,0.640625,1.296875,1.234375,0.984375,1.171875
ONCOGENIC_GLI1_UP.V1_UP,0.71777,treatment_naive,False,1.0,1.0,1.0,1.0,0.0,1.0,1.0,1.0,1.0,1.0,1.0,1.0,1.0,1.0
ONCOGENIC_HINATA_NFKB_IMMU_INF,0.23399,treatment_naive,False,1.0,1.0,1.0,1.0,0.0,1.0,1.0,1.0,1.0,1.0,1.0,0.0,1.0,1.0
ONCOGENIC_HINATA_NFKB_MATRIX,0.00302,treatment_naive,True,1.0,1.0,1.0,1.0,1.0,1.0,1.0,1.0,1.0,1.0,0.97,1.0,1.0,1.0
ONCOGENIC_HOXA9_DN.V1_DN,0.71348,ICB_treated,True,1.0,1.0,1.0,1.0,1.0,1.0,1.0,1.0,1.0,1.0,1.0,1.0,1.0,1.0
ONCOGENIC_HOXA9_DN.V1_UP,0.03997,treatment_naive,False,0.014285714285714287,1.4285714285714286,0.0,0.0,1.4285714285714286,0.942857142857143,1.0571428571428572,1.4285714285714286,0.0,0.2571428571428572,1.1857142857142855,1.4285714285714286,0.20000000000000004,1.4285714285714286
ONCOGENIC_IL15_UP.V1_DN,0.10380999999999999,ICB_treated,False,0.0,0.0,20.0,0.0,0.0,0.6,0.0,0.0,2.4,0.7999999999999999,16.4,0.4,0.0,2.2
ONCOGENIC_IL15_UP.V1_UP,0.38349,treatment_naive,False,1.0,1.0,1.0,1.0,0.0,1.0,1.0,1.0,1.0,1.0,1.0,1.0,1.0,1.0
ONCOGENIC_IL21_UP.V1_DN,0.48177,ICB_treated,False,1.0,1.0,1.0,1.0,1.0,1.0,1.0,1.0,1.0,1.0,0.0,1.0,1.0,1.0
ONCOGENIC_IL21_UP.V1_UP,0.98813,treatment_naive,True,1.0,1.0,1.0,1.0,1.0,1.0,1.0,1.0,1.0,1.0,1.0,1.0,1.0,1.0
ONCOGENIC_IL2_UP.V1_DN,0.032310000000000005,ICB_treated,False,0.65,0.7000000000000001,1.25,0.2,0.0,1.0,0.1625,0.6625,0.9875,0.2625,1.25,0.925,1.225,1.225
ONCOGENIC_IL2_UP.V1_UP,0.14658,treatment_naive,False,1.0,0.0,1.0,0.0,0.0,1.0,1.0,0.0,1.0,1.0,1.0,0.0,1.0,1.0
ONCOGENIC_JAK2_DN.V1_DN,0.54289,treatment_naive,False,1.0,1.0,1.0,1.0,0.0,1.0,1.0,1.0,1.0,1.0,1.0,1.0,1.0,1.0
ONCOGENIC_JAK2_DN.V1_UP,0.29904000000000003,ICB_treated,False,1.0,1.0,0.0,1.0,1.0,0.0,1.0,1.0,1.0,1.0,1.0,1.0,1.0,1.0
ONCOGENIC_JNK_DN.V1_DN,0.01116,ICB_treated,False,1.0,0.91,1.0,0.76,0.08,1.0,0.8,0.99,1.0,1.0,1.0,1.0,0.99,1.0
ONCOGENIC_JNK_DN.V1_UP,0.8924799999999999,treatment_naive,True,1.0,1.0,1.0,1.0,1.0,1.0,1.0,1.0,1.0,1.0,1.0,1.0,1.0,1.0
ONCOGENIC_KRAS.300_UP.V1_DN,0.33423,ICB_treated,False,1.0,1.0,0.0,1.0,1.0,1.0,1.0,1.0,1.0,1.0,0.0,0.0,1.0,1.0
ONCOGENIC_KRAS.300_UP.V1_UP,0.8256700000000001,ICB_treated,True,1.0,1.0,1.0,1.0,1.0,1.0,1.0,1.0,1.0,1.0,1.0,1.0,1.0,1.0
ONCOGENIC_KRAS.50_UP.V1_DN,0.5159199999999999,ICB_treated,True,1.0,1.0,1.0,1.0,1.0,1.0,1.0,1.0,1.0,1.0,1.0,1.0,1.0,1.0
ONCOGENIC_KRAS.50_UP.V1_UP,0.91722,treatment_naive,True,1.0,1.0,1.0,1.0,1.0,1.0,1.0,1.0,1.0,1.0,1.0,1.0,1.0,1.0
ONCOGENIC_KRAS.600.LUNG.BREAST_UP.V1_DN,0.15224000000000001,ICB_treated,False,0.0,0.0,48.0,0.0,0.0,0.0,0.0,0.0,0.0,0.0,60.0,52.0,4.0,1.0
ONCOGENIC_KRAS.600.LUNG.BREAST_UP.V1_UP,0.32347,treatment_naive,False,1.0,0.0,1.0,0.0,0.0,1.0,0.0,1.0,1.0,1.0,1.0,1.0,1.0,1.0
ONCOGENIC_KRAS.600_UP.V1_DN,0.39044,ICB_treated,False,1.0,1.0,0.0,1.0,1.0,1.0,1.0,1.0,1.0,1.0,1.0,1.0,1.0,1.0
ONCOGENIC_KRAS.600_UP.V1_UP,0.66614,ICB_treated,True,1.0,1.0,1.0,1.0,1.0,1.0,1.0,1.0,1.0,1.0,1.0,1.0,1.0,1.0
ONCOGENIC_KRAS.AMP.LUNG_UP.V1_DN,0.2163,ICB_treated,False,1.0,1.0,0.0,1.0,1.0,1.0,1.0,1.0,1.0,1.0,0.0,1.0,0.0,1.0
ONCOGENIC_KRAS.AMP.LUNG_UP.V1_UP,0.16967000000000002,ICB_treated,False,0.0,0.0,5.0,0.0,0.0,0.0,0.0,1.0,1.0,0.0,13.333333333333336,8.0,0.0,0.0
ONCOGENIC_KRAS.BREAST_UP.V1_DN,0.19563,ICB_treated,False,1.0,1.0,0.0,1.0,1.0,1.0,1.0,1.0,1.0,1.0,0.0,1.0,1.0,1.0
ONCOGENIC_KRAS.BREAST_UP.V1_UP,0.56558,treatment_naive,True,1.0,1.0,1.0,1.0,1.0,1.0,1.0,1.0,1.0,1.0,1.0,1.0,1.0,1.0
ONCOGENIC_KRAS.DF.V1_DN,0.18805999999999998,ICB_treated,False,1.0,1.0,0.0,1.0,1.0,1.0,0.0,1.0,1.0,0.0,0.0,0.0,0.0,1.0
ONCOGENIC_KRAS.DF.V1_UP,0.0132,treatment_naive,False,0.62,1.0,0.99,1.0,1.0,1.0,1.0,1.0,0.8,0.67,0.36,1.0,1.0,1.0
ONCOGENIC_KRAS.KIDNEY_UP.V1_DN,0.022680000000000002,ICB_treated,False,1.0531914893617025,0.946808510638298,1.0638297872340423,0.3404255319148937,0.0,1.0638297872340423,0.3617021276595745,0.10638297872340427,1.0531914893617025,0.9787234042553192,1.0425531914893618,0.9574468085106383,0.9893617021276596,0.6382978723404256
ONCOGENIC_KRAS.KIDNEY_UP.V1_UP,0.61131,ICB_treated,False,1.0,1.0,1.0,1.0,1.0,1.0,1.0,1.0,1.0,1.0,0.0,1.0,1.0,1.0
ONCOGENIC_KRAS.LUNG.BREAST_UP.V1_DN,0.01828,ICB_treated,False,0.8080808080808082,0.7575757575757576,1.0101010101010102,0.14141414141414144,0.18181818181818185,0.8080808080808082,0.5454545454545455,1.0,0.8686868686868687,0.98989898989899,1.0101010101010102,1.0101010101010102,1.0101010101010102,0.9797979797979798
ONCOGENIC_KRAS.LUNG.BREAST_UP.V1_UP,0.6374,treatment_naive,False,1.0,1.0,1.0,1.0,0.0,1.0,1.0,1.0,1.0,1.0,1.0,1.0,1.0,1.0
ONCOGENIC_KRAS.LUNG_UP.V1_DN,0.32874000000000003,ICB_treated,False,1.0,1.0,0.0,1.0,1.0,1.0,1.0,1.0,1.0,1.0,0.0,0.0,0.0,1.0
ONCOGENIC_KRAS.LUNG_UP.V1_UP,0.8352,ICB_treated,True,1.0,1.0,1.0,1.0,1.0,1.0,1.0,1.0,1.0,1.0,1.0,1.0,1.0,1.0
ONCOGENIC_KRAS.PROSTATE_UP.V1_DN,0.59004,treatment_naive,False,1.0,1.0,1.0,1.0,0.0,1.0,1.0,1.0,1.0,1.0,1.0,1.0,1.0,1.0
ONCOGENIC_KRAS.PROSTATE_UP.V1_UP,0.15375,ICB_treated,False,0.0,1.0,0.0,1.0,1.0,1.0,1.0,1.0,1.0,0.0,0.0,0.0,1.0,1.0
ONCOGENIC_LEF1_UP.V1_DN,0.64986,treatment_naive,False,1.0,1.0,1.0,1.0,0.0,1.0,1.0,1.0,1.0,1.0,1.0,1.0,1.0,1.0
ONCOGENIC_LEF1_UP.V1_UP,0.9359799999999999,ICB_treated,False,1.0,1.0,1.0,1.0,0.0,1.0,1.0,1.0,1.0,1.0,1.0,1.0,1.0,1.0
ONCOGENIC_LTE2_UP.V1_DN,0.00436,treatment_naive,True,1.0,1.0,1.0,1.0,1.0,1.0,1.0,1.0,0.99,1.0,1.0,1.0,1.0,1.0
ONCOGENIC_LTE2_UP.V1_UP,0.07517,treatment_naive,False,0.0,45.0,0.0,0.0,50.0,5.0,6.5,43.0,0.0,0.0,0.0,7.000000000000001,7.000000000000001,35.0
ONCOGENIC_MEK_UP.V1_DN,0.03374,treatment_naive,False,0.3287671232876712,1.3424657534246576,0.0,0.2876712328767123,1.3698630136986298,1.3698630136986298,0.0410958904109589,1.3698630136986298,0.0,0.589041095890411,1.3424657534246576,1.3013698630136985,0.3972602739726027,1.1095890410958904
ONCOGENIC_MEK_UP.V1_UP,0.06342,treatment_naive,False,0.03571428571428571,3.5357142857142856,0.0,1.6785714285714284,3.571428571428571,2.392857142857143,3.571428571428571,3.2857142857142856,0.0,0.2857142857142857,0.0,0.21428571428571425,0.10714285714285712,2.964285714285714
ONCOGENIC_MEL18_DN.V1_DN,0.38789,treatment_naive,False,1.0,1.0,1.0,1.0,0.0,1.0,1.0,1.0,1.0,1.0,1.0,1.0,1.0,1.0
ONCOGENIC_MEL18_DN.V1_UP,0.02982,treatment_naive,False,0.09090909090909093,1.1363636363636365,0.0,1.1363636363636365,1.1363636363636365,1.1022727272727273,1.1363636363636365,1.1363636363636365,0.05681818181818182,0.011363636363636364,0.4318181818181818,1.0795454545454546,0.4431818181818182,0.7954545454545454
ONCOGENIC_MTOR_UP.N4.V1_DN,0.36593000000000003,treatment_naive,False,1.0,1.0,1.0,1.0,0.0,1.0,1.0,1.0,1.0,0.0,1.0,1.0,1.0,1.0
ONCOGENIC_MTOR_UP.N4.V1_UP,0.40894,treatment_naive,False,1.0,1.0,1.0,1.0,0.0,1.0,1.0,1.0,1.0,1.0,1.0,1.0,1.0,1.0
ONCOGENIC_MTOR_UP.V1_DN,0.27608,treatment_naive,False,1.0,1.0,1.0,0.0,0.0,1.0,1.0,1.0,1.0,1.0,1.0,1.0,1.0,1.0
ONCOGENIC_MTOR_UP.V1_UP,0.21914,ICB_treated,False,0.0,1.0,1.0,1.0,1.0,1.0,0.0,1.0,1.0,0.0,1.0,1.0,0.0,1.0
ONCOGENIC_MYC_UP.V1_DN,0.5436,ICB_treated,True,1.0,1.0,1.0,1.0,1.0,1.0,1.0,1.0,1.0,1.0,1.0,1.0,1.0,1.0
ONCOGENIC_MYC_UP.V1_UP,0.07844,ICB_treated,False,0.0,0.25,5.5,0.25,0.0,2.75,25.0,5.25,0.0,23.75,24.5,1.25,5.75,12.5
ONCOGENIC_NFE2L2.V2,0.39288,ICB_treated,False,1.0,1.0,0.0,1.0,1.0,1.0,1.0,1.0,1.0,1.0,1.0,1.0,1.0,1.0
ONCOGENIC_NOTCH_DN.V1_DN,0.9563200000000001,ICB_treated,True,1.0,1.0,1.0,1.0,1.0,1.0,1.0,1.0,1.0,1.0,1.0,1.0,1.0,1.0
ONCOGENIC_NOTCH_DN.V1_UP,0.6160800000000001,ICB_treated,True,1.0,1.0,1.0,1.0,1.0,1.0,1.0,1.0,1.0,1.0,1.0,1.0,1.0,1.0
ONCOGENIC_NRL_DN.V1_DN,0.54205,treatment_naive,False,1.0,1.0,1.0,1.0,0.0,1.0,1.0,1.0,1.0,1.0,1.0,1.0,1.0,1.0
ONCOGENIC_NRL_DN.V1_UP,0.8580399999999999,ICB_treated,True,1.0,1.0,1.0,1.0,1.0,1.0,1.0,1.0,1.0,1.0,1.0,1.0,1.0,1.0
ONCOGENIC_P53_DN.V1_DN,0.09966,treatment_naive,False,0.0,5.0,0.0,0.0,100.0,2.0,25.0,82.0,0.0,0.0,100.0,99.0,0.0,35.0
ONCOGENIC_P53_DN.V1_UP,0.53356,ICB_treated,False,1.0,1.0,1.0,1.0,1.0,1.0,1.0,1.0,1.0,1.0,0.0,1.0,1.0,1.0
ONCOGENIC_P53_DN.V2_DN,0.25282,ICB_treated,False,1.0,1.0,0.0,1.0,1.0,1.0,1.0,1.0,1.0,1.0,0.0,1.0,1.0,1.0
ONCOGENIC_P53_DN.V2_UP,0.9551799999999999,treatment_naive,True,1.0,1.0,1.0,1.0,1.0,1.0,1.0,1.0,1.0,1.0,1.0,1.0,1.0,1.0
ONCOGENIC_PDGF_ERK_DN.V1_DN,0.57263,treatment_naive,False,1.0,1.0,1.0,1.0,0.0,1.0,1.0,1.0,1.0,1.0,1.0,1.0,1.0,1.0
ONCOGENIC_PDGF_ERK_DN.V1_UP,0.82163,ICB_treated,False,1.0,1.0,1.0,1.0,0.0,1.0,1.0,1.0,1.0,1.0,1.0,1.0,1.0,1.0
ONCOGENIC_PDGF_UP.V1_DN,0.14898,treatment_naive,False,5.0,9.0,0.0,0.0,100.0,0.0,20.0,1.0,0.0,0.0,0.0,1.0,0.0,0.0
ONCOGENIC_PDGF_UP.V1_UP,0.03809,treatment_naive,False,0.28205128205128205,1.282051282051282,0.2692307692307692,0.8846153846153845,1.282051282051282,0.8076923076923077,1.1282051282051282,1.2692307692307692,0.01282051282051282,0.1923076923076923,1.2307692307692306,1.282051282051282,0.9487179487179488,1.1666666666666667
ONCOGENIC_PIGF_UP.V1_DN,0.057339999999999995,ICB_treated,False,2.2500000000000004,0.19444444444444448,2.7777777777777777,0.0,0.0,1.5833333333333333,0.11111111111111112,0.0,1.8611111111111116,1.1111111111111112,1.75,1.9722222222222219,0.5555555555555556,1.25
ONCOGENIC_PIGF_UP.V1_UP,9e-05,treatment_naive,True,1.0,1.0,1.0,1.0,1.0,1.0,1.0,1.0,1.0,1.0,1.0,1.0,1.0,1.0
ONCOGENIC_PKCA_DN.V1_DN,0.40397,treatment_naive,False,1.0,1.0,1.0,1.0,0.0,1.0,1.0,1.0,1.0,1.0,1.0,1.0,1.0,1.0
ONCOGENIC_PKCA_DN.V1_UP,0.73326,ICB_treated,True,1.0,1.0,1.0,1.0,1.0,1.0,1.0,1.0,1.0,1.0,1.0,1.0,1.0,1.0
ONCOGENIC_PRC1_BMI_UP.V1_DN,0.08976,ICB_treated,False,0.3636363636363637,0.0,9.090909090909092,0.0,0.0,3.0,0.0,0.0,4.909090909090909,2.363636363636364,0.18181818181818185,1.7272727272727273,0.9090909090909092,0.09090909090909093
ONCOGENIC_PRC1_BMI_UP.V1_UP,0.58933,ICB_treated,True,1.0,1.0,1.0,1.0,1.0,1.0,1.0,1.0,1.0,1.0,1.0,1.0,1.0,1.0
ONCOGENIC_PRC2_EED_UP.V1_DN,0.0505,ICB_treated,False,1.1948051948051948,0.3896103896103896,1.2987012987012987,0.4805194805194805,0.0,1.2987012987012987,0.25974025974025977,0.0,1.2987012987012987,1.2597402597402596,0.0,0.7532467532467532,0.3896103896103896,1.2597402597402596
ONCOGENIC_PRC2_EED_UP.V1_UP,0.1701,treatment_naive,False,0.0,39.5,0.0,0.0,50.0,1.5,0.0,19.5,0.0,0.0,0.0,15.0,0.0,0.0
ONCOGENIC_PRC2_EZH2_UP.V1_DN,0.0009599999999999999,ICB_treated,False,1.0,1.0,1.0,0.71,0.94,1.0,1.0,1.0,1.0,1.0,1.0,1.0,1.0,1.0
ONCOGENIC_PRC2_EZH2_UP.V1_UP,0.38332,treatment_naive,False,1.0,0.0,1.0,1.0,0.0,1.0,1.0,1.0,1.0,1.0,1.0,1.0,1.0,1.0
ONCOGENIC_PRC2_SUZ12_UP.V1_DN,0.0064,ICB_treated,False,0.99,1.0,1.0,0.57,0.73,1.0,1.0,0.98,0.99,1.0,1.0,1.0,1.0,1.0
ONCOGENIC_PRC2_SUZ12_UP.V1_UP,0.23109000000000002,treatment_naive,False,1.0,1.0,1.0,1.0,0.0,1.0,1.0,1.0,1.0,1.0,1.0,1.0,1.0,1.0
ONCOGENIC_PTEN_DN.V1_DN,0.63632,treatment_naive,True,1.0,1.0,1.0,1.0,1.0,1.0,1.0,1.0,1.0,1.0,1.0,1.0,1.0,1.0
ONCOGENIC_PTEN_DN.V1_UP,0.94744,ICB_treated,True,1.0,1.0,1.0,1.0,1.0,1.0,1.0,1.0,1.0,1.0,1.0,1.0,1.0,1.0
ONCOGENIC_PTEN_DN.V2_DN,0.03228,ICB_treated,False,0.3058823529411765,0.18823529411764706,1.1764705882352942,0.8823529411764706,0.0,1.1294117647058823,0.9882352941176472,0.011764705882352941,1.1411764705882352,1.1764705882352942,0.9529411764705884,1.1764705882352942,1.0117647058823531,0.9882352941176472
ONCOGENIC_PTEN_DN.V2_UP,0.26826,treatment_naive,False,1.0,0.0,1.0,1.0,0.0,1.0,1.0,1.0,1.0,1.0,1.0,1.0,1.0,1.0
ONCOGENIC_RAF_UP.V1_DN,0.5436,ICB_treated,False,1.0,1.0,1.0,1.0,0.0,1.0,1.0,1.0,1.0,1.0,1.0,1.0,1.0,1.0
ONCOGENIC_RAF_UP.V1_UP,0.0035,treatment_naive,True,1.0,1.0,0.94,1.0,1.0,1.0,1.0,1.0,1.0,1.0,1.0,1.0,1.0,1.0
ONCOGENIC_RAPA_EARLY_UP.V1_DN,0.51332,ICB_treated,True,1.0,1.0,1.0,1.0,1.0,1.0,1.0,1.0,1.0,1.0,1.0,1.0,1.0,1.0
ONCOGENIC_RAPA_EARLY_UP.V1_UP,0.49591999999999997,ICB_treated,True,1.0,1.0,1.0,1.0,1.0,1.0,1.0,1.0,1.0,1.0,1.0,1.0,1.0,1.0
ONCOGENIC_RB_DN.V1_DN,0.07417,treatment_naive,False,0.04,0.68,0.48,0.68,4.0,2.16,0.2,0.72,0.08,0.0,0.0,1.28,0.04,2.24
ONCOGENIC_RB_DN.V1_UP,0.01054,ICB_treated,False,1.0,0.91,1.0,0.83,0.04,1.0,1.0,0.97,1.0,1.0,0.98,1.0,0.86,1.0
ONCOGENIC_RB_P107_DN.V1_DN,0.8097,ICB_treated,True,1.0,1.0,1.0,1.0,1.0,1.0,1.0,1.0,1.0,1.0,1.0,1.0,1.0,1.0
ONCOGENIC_RB_P107_DN.V1_UP,0.0338,ICB_treated,False,0.8222222222222222,1.1111111111111112,0.8777777777777778,0.0,0.3,0.7999999999999999,1.1111111111111112,0.7222222222222222,0.2,1.1111111111111112,1.1111111111111112,1.1111111111111112,0.6111111111111112,1.022222222222222
ONCOGENIC_RB_P130_DN.V1_DN,0.19642,treatment_naive,False,1.0,1.0,1.0,1.0,0.0,0.0,1.0,1.0,1.0,1.0,1.0,0.0,1.0,0.0
ONCOGENIC_RB_P130_DN.V1_UP,0.02895,ICB_treated,False,1.0888888888888888,1.0777777777777775,0.7999999999999999,0.011111111111111113,0.07777777777777778,1.0777777777777775,1.1,0.9444444444444444,0.6,1.1111111111111112,1.0888888888888888,1.1111111111111112,0.9333333333333332,1.0
ONCOGENIC_RELA_DN.V1_DN,0.41612,ICB_treated,False,1.0,1.0,0.0,1.0,1.0,1.0,1.0,1.0,1.0,1.0,1.0,1.0,1.0,1.0
ONCOGENIC_RELA_DN.V1_UP,0.26063000000000003,treatment_naive,False,1.0,0.0,1.0,1.0,0.0,1.0,1.0,1.0,1.0,1.0,1.0,1.0,1.0,1.0
ONCOGENIC_RPS14_DN.V1_DN,0.013059999999999999,ICB_treated,False,1.0,0.93,1.0,0.08,0.12,1.0,1.0,0.8,0.62,1.0,1.0,1.0,1.0,1.0
ONCOGENIC_RPS14_DN.V1_UP,0.00792,treatment_naive,False,1.0,1.0,0.43,0.93,1.0,1.0,1.0,1.0,1.0,0.82,0.95,1.0,0.95,1.0
ONCOGENIC_SINGH_KRAS_DEPENDENCY_SIGNATURE,0.88989,treatment_naive,True,1.0,1.0,1.0,1.0,1.0,1.0,1.0,1.0,1.0,1.0,1.0,1.0,1.0,1.0
ONCOGENIC_SIRNA_EIF4GI_DN,0.22225999999999999,treatment_naive,False,1.0,1.0,1.0,1.0,0.0,1.0,1.0,1.0,1.0,1.0,1.0,1.0,1.0,0.0
ONCOGENIC_SIRNA_EIF4GI_UP,0.75368,ICB_treated,True,1.0,1.0,1.0,1.0,1.0,1.0,1.0,1.0,1.0,1.0,1.0,1.0,1.0,1.0
ONCOGENIC_SNF5_DN.V1_DN,0.79361,ICB_treated,True,1.0,1.0,1.0,1.0,1.0,1.0,1.0,1.0,1.0,1.0,1.0,1.0,1.0,1.0
ONCOGENIC_SNF5_DN.V1_UP,0.9303,ICB_treated,False,1.0,1.0,1.0,1.0,0.0,1.0,1.0,1.0,1.0,1.0,1.0,1.0,1.0,1.0
ONCOGENIC_SRC_UP.V1_DN,0.18975999999999998,ICB_treated,False,1.0,1.0,0.0,1.0,1.0,1.0,1.0,1.0,1.0,0.0,0.0,1.0,0.0,1.0
ONCOGENIC_SRC_UP.V1_UP,0.08136,ICB_treated,False,0.08333333333333334,0.4166666666666667,8.083333333333334,0.0,0.0,1.5833333333333337,0.08333333333333334,0.5,0.16666666666666669,8.333333333333334,3.4166666666666665,1.6666666666666667,0.08333333333333334,0.08333333333333334
ONCOGENIC_STK33_DN,0.15050999999999998,ICB_treated,False,1.0,0.0,79.0,0.0,0.0,0.0,17.0,0.0,0.0,67.0,38.0,0.0,3.0,1.0
ONCOGENIC_STK33_NOMO_DN,0.56524,ICB_treated,True,1.0,1.0,1.0,1.0,1.0,1.0,1.0,1.0,1.0,1.0,1.0,1.0,1.0,1.0
ONCOGENIC_STK33_NOMO_UP,0.0006799999999999999,treatment_naive,True,1.0,1.0,1.0,1.0,1.0,1.0,1.0,1.0,1.0,1.0,1.0,1.0,1.0,1.0
ONCOGENIC_STK33_SKM_DN,0.58868,ICB_treated,False,1.0,1.0,1.0,1.0,1.0,1.0,1.0,1.0,1.0,0.0,0.0,1.0,1.0,1.0
ONCOGENIC_STK33_SKM_UP,0.00016999999999999999,treatment_naive,True,1.0,1.0,1.0,1.0,1.0,1.0,1.0,1.0,1.0,1.0,1.0,1.0,1.0,1.0
ONCOGENIC_STK33_UP,0.00072,treatment_naive,True,1.0,1.0,1.0,1.0,1.0,1.0,1.0,1.0,1.0,1.0,1.0,1.0,1.0,1.0
ONCOGENIC_TBK1.DF_DN,0.03932,treatment_naive,False,0.6617647058823529,1.441176470588235,0.014705882352941175,0.029411764705882356,1.4705882352941175,1.0,0.029411764705882356,1.3529411764705879,0.0,0.9705882352941176,1.2205882352941175,1.4705882352941175,0.2794117647058824,0.4264705882352941
ONCOGENIC_TBK1.DF_UP,0.07518,treatment_naive,False,0.061224489795918366,2.020408163265306,0.0,0.3673469387755102,2.0408163265306123,0.3469387755102041,0.8979591836734694,2.0,0.0,0.0,0.22448979591836732,2.020408163265306,0.0,0.5714285714285715
ONCOGENIC_TBK1.DN.48HRS_DN,0.50293,treatment_naive,False,1.0,1.0,1.0,1.0,0.0,1.0,1.0,1.0,1.0,1.0,1.0,1.0,1.0,1.0
ONCOGENIC_TBK1.DN.48HRS_UP,0.60728,ICB_treated,True,1.0,1.0,1.0,1.0,1.0,1.0,1.0,1.0,1.0,1.0,1.0,1.0,1.0,1.0
ONCOGENIC_TGFB_UP.V1_DN,0.11024,treatment_naive,False,0.0,99.0,0.0,0.0,100.0,0.0,6.0,18.0,0.0,0.0,0.0,11.0,0.0,0.0
ONCOGENIC_TGFB_UP.V1_UP,0.48723999999999995,treatment_naive,False,1.0,1.0,1.0,1.0,0.0,1.0,1.0,1.0,1.0,1.0,1.0,1.0,1.0,1.0
ONCOGENIC_VEGF_A_UP.V1_DN,0.74344,treatment_naive,False,1.0,1.0,1.0,1.0,0.0,1.0,1.0,1.0,1.0,1.0,1.0,1.0,1.0,1.0
ONCOGENIC_VEGF_A_UP.V1_UP,0.45705,treatment_naive,False,1.0,1.0,1.0,1.0,0.0,1.0,1.0,1.0,1.0,1.0,1.0,1.0,1.0,1.0
ONCOGENIC_WNT_UP.V1_DN,0.050289999999999994,treatment_naive,False,0.1,0.46,0.0,0.56,2.0,1.18,1.76,1.86,0.76,0.0,0.0,1.04,0.02,1.68
ONCOGENIC_WNT_UP.V1_UP,0.0,ICB_treated,True,1.0,1.0,1.0,1.0,1.0,1.0,1.0,1.0,1.0,1.0,1.0,1.0,1.0,1.0
ONCOGENIC_YAP1_DN,0.9022399999999999,treatment_naive,True,1.0,1.0,1.0,1.0,1.0,1.0,1.0,1.0,1.0,1.0,1.0,1.0,1.0,1.0
ONCOGENIC_YAP1_UP,0.8447,treatment_naive,True,1.0,1.0,1.0,1.0,1.0,1.0,1.0,1.0,1.0,1.0,1.0,1.0,1.0,1.0
