,mwu_pval,mwu_subsample_pval,mwu_loocv_pval,glm_pval,glm_subsample_pval,glm_loocv_pval,pseudobulk_pval,pseudobulk_loocv_pval
KEGG_ANTIGEN_PROCESSING_AND_PRESENTATION,1.0,1.0,1.0,1.0,1.0,1.0,1.0,1.0
REACTOME_ANTIGEN_PRESENTATION_FOLDING_ASSEMBLY_AND_PEPTIDE_LOADING_OF_CLASS_I_MHC,2.6135123960312095e-38,4.824444912621808e-06,4.581499593614483e-38,2.7703046190553175e-50,7.210266778368245e-07,6.566167242916178e-50,0.09933819975370606,0.1380546889425169
REACTOME_ANTIGEN_PROCESSING_CROSS_PRESENTATION,8.748899377808508e-35,7.830574617215778e-10,8.942606406552612e-34,3.245429917396778e-42,4.967159587595975e-10,2.133522124377992e-41,0.09933819975370606,0.1380546889425169
REACTOME_ANTIGEN_PROCESSING_UBIQUITINATION_PROTEASOME_DEGRADATION,0.15782232233118973,0.07332010602826668,0.1166791913248651,0.16578369347613153,0.14904801333212267,0.1134870914580497,0.30739503926940304,0.3331460848098107
REACTOME_MHC_CLASS_II_ANTIGEN_PRESENTATION,2.5173696548210405e-12,1.8631066360769787e-06,4.1038807290017e-12,1.4500845355997974e-13,2.0528568158346942e-06,2.433621841750673e-13,0.19551590388728812,0.1832417848876829
HALLMARK_INTERFERON_ALPHA_RESPONSE,1.6280395942591203e-10,0.0003887266327883015,3.345615871235322e-10,5.9167714590873476e-24,0.0009920507709516623,2.176575077645328e-23,0.2956725431144982,0.29813150423224083
HALLMARK_INTERFERON_GAMMA_RESPONSE,2.0123169102737148e-52,2.8324105064104813e-08,4.026100280277147e-51,1.658782215653229e-70,1.808413047287249e-08,2.55415561491588e-69,0.1943095612766241,0.20244943712253285
EINAV_INTERFERON_SIGNATURE_IN_CANCER,5.7622689167610234e-12,0.051399252035175994,1.7553800546999856e-11,2.988697415104876e-06,0.4643274489847236,6.2220671998545675e-06,0.3001878284823468,0.30138446000926045
NATSUME_RESPONSE_TO_INTERFERON_BETA_DN,8.40140343813413e-28,0.0013339293067443662,2.8618177331266638e-27,1.3777191525942005e-25,0.02014635614776625,2.0649384142247667e-25,0.3007965808742626,0.30881479590484673
NATSUME_RESPONSE_TO_INTERFERON_BETA_UP,3.68819621574409e-06,0.006504215519507775,3.9849808597959154e-06,1.6337447800386454e-09,0.0010148286213177882,1.7871978279507864e-09,0.1978763806342323,0.21449380778351745
REACTOME_INTERFERON_GAMMA_SIGNALING,3.8208046695097986e-55,2.4998943717266954e-11,6.522056426912464e-54,1.075418745603284e-70,3.0074492758239985e-14,4.072711657866605e-69,0.14079606718894755,0.14386737952312306
REACTOME_INTERFERON_SIGNALING,4.782107102550869e-27,1.4524860571812847e-08,2.4288419185572572e-26,6.324127433865177e-37,2.403227498560252e-08,4.6707278351269584e-36,0.15684413566506322,0.16228506333067014
REACTOME_INTERFERON_ALPHA_BETA_SIGNALING,1.0,1.0,1.0,1.0,1.0,1.0,1.0,1.0
WP_INTERFERON_TYPE_I_SIGNALING_PATHWAYS,1.5315820131761562e-10,0.0002140252689270949,2.0105658054153288e-10,2.437677874718665e-11,0.00016637662782984942,4.037190598282207e-11,0.09933819975370606,0.14386737952312306
WP_OVERVIEW_OF_INTERFERONSMEDIATED_SIGNALING_PATHWAY,1.0,1.0,1.0,1.0,1.0,1.0,1.0,1.0
WP_TYPE_II_INTERFERON_SIGNALING,1.0405582326862081e-108,9.060115157902877e-08,2.5203398362196352e-107,2.799590236475154e-77,2.5990348753622675e-06,8.746127669235367e-77,0.09933819975370606,0.14386737952312306
WP_TYPE_III_INTERFERON_SIGNALING,0.03045184526647366,0.3151414418148589,0.030018056669789232,0.05118612469949743,0.5287657052143285,0.05687719640027623,0.3007965808742626,0.32433647066322746
BROWNE_INTERFERON_RESPONSIVE_GENES,5.694448106837386e-31,0.0001880310750285782,9.954426494406612e-30,3.085495199154045e-33,0.001021515589142979,3.2449201252958646e-32,0.2459114450434167,0.2650851439338909
ZHANG_INTERFERON_RESPONSE,3.5348572346053486e-25,0.007670359471769995,4.0911702945959036e-25,1.8032543644367305e-17,0.09157551462846343,2.4944719182791254e-17,0.3007965808742626,0.32433647066322746
REACTOME_CYTOPROTECTION_BY_HMOX1,1.525494880385078e-12,0.33905524458220504,8.076158711687272e-13,5.52748227798429e-20,0.23955117317575875,1.0100909814401753e-19,0.4090329099049096,0.43025634846529226
REACTOME_REGULATION_OF_HMOX1_EXPRESSION_AND_ACTIVITY,6.147063850684528e-08,0.1254580701344231,8.321580750981738e-08,2.970951586532035e-06,0.265162914859224,4.391016110931548e-06,0.22101309719361814,0.2255654712106005
PAM50,9.419413943697231e-32,0.3085711935677045,3.268071625171422e-31,2.502574939698393e-19,0.5778875931806645,5.016335476703877e-19,0.4090329099049096,0.40481349702879993
WU_ET_AL_BASAL_SC,5.892792455582847e-182,2.2915336205806984e-18,1.1737200154680834e-179,8.344961720885959e-166,1.5945647421079767e-17,7.354672855537227e-162,0.07822473107488828,0.09437941484647748
WU_ET_AL_HER2E_SC,4.0772571526486276e-21,5.426171777676241e-08,4.0703690227214557e-20,1.2621374726432685e-11,3.7174902875951005e-05,6.862032338041095e-11,0.09933819975370606,0.1342267653345643
WU_ET_AL_LUMA_SC,2.0408649026520308e-42,0.062403738230352924,2.1486961172292857e-42,1.3052194870221508e-44,0.02322153033249464,1.3887192725279863e-44,0.3007965808742626,0.30138446000926045
WU_EL_AL_LUMB_SC,5.7923672979775336e-204,1.3279416997472159e-09,1.0143627395971868e-202,3.386474384561477e-202,3.371892994536718e-11,1.070474634921988e-200,0.09933819975370606,0.09724295845094133
HALLMARK_ADIPOGENESIS,0.0002669772522654855,0.000673315689998725,0.0004533618797335206,0.002626929887915997,0.0013373440223134446,0.004249011659733944,0.28301732152773523,0.2954393188656962
HALLMARK_ALLOGRAFT_REJECTION,1.6024828623555614e-161,2.9984148968853124e-21,4.111201832982278e-159,9.672875757557733e-140,1.8834936812979142e-20,7.360436070677896e-137,0.06065253703207193,0.06782163314299572
HALLMARK_ANDROGEN_RESPONSE,0.08924326489593923,0.012054092442427626,0.060021247263186736,0.036910497468376886,0.01251453251898214,0.022482095787722582,0.2663637926915699,0.2732196995060188
HALLMARK_ANGIOGENESIS,7.63231958183425e-15,0.2960317430938285,1.0132217981638772e-14,1.1648165910259474e-09,0.580179477121152,9.602338537021222e-10,0.4218487628043692,0.4286259720027485
HALLMARK_APICAL_JUNCTION,1.5702733946013947e-34,0.0003468954140676294,1.3515061328713386e-34,9.958881965901149e-33,0.0004152404249344875,1.8086033840045e-32,0.1375139503485557,0.14753811125286198
HALLMARK_APICAL_SURFACE,1.7500435928016644e-09,0.007635959270890406,2.211006890638857e-09,2.212530268113912e-05,0.025830095044205047,2.5827842951165594e-05,0.16944477321988816,0.19083961854868012
HALLMARK_APOPTOSIS,5.8217374177936675e-06,0.2997802669781897,3.6464758353009917e-06,0.00020359017593991516,0.3141736649850935,0.00018170652260045652,0.4891515376679721,0.4701575679091005
HALLMARK_BILE_ACID_METABOLISM,0.015003214016422869,0.314273897068887,0.016096704095526063,0.02121792001793914,0.5810500418053413,0.024503750419748286,0.4836766922199352,0.482961869147082
HALLMARK_CHOLESTEROL_HOMEOSTASIS,1.861901970856513e-70,1.1665693478605385e-06,2.793490281099843e-70,6.688862605490564e-63,2.843688425670981e-07,5.369980811064813e-63,0.11707428556416855,0.12949399786994326
HALLMARK_COAGULATION,2.6283185991085452e-09,0.0013507092822595394,3.501560067715548e-09,5.912963622038956e-12,0.00025243228231794303,1.0733664007952314e-11,0.1450723452645829,0.16173740489470492
HALLMARK_COMPLEMENT,3.0048936025606843e-15,7.730285758658889e-07,1.7751056118285685e-14,1.6618497558035829e-19,1.05144437978313e-08,1.3629834358115899e-18,0.13403020096507193,0.12690411791254438
HALLMARK_DNA_REPAIR,5.8217374177936675e-06,0.017890510782381512,5.4794317137242205e-06,9.467221403018026e-05,0.06287099559943563,9.33577013215697e-05,0.29086500501529244,0.2999657302010253
HALLMARK_E2F_TARGETS,5.0508394913841665e-73,1.5430701058765764e-05,9.252977549543976e-71,9.338486932697431e-64,0.00029848673651938,4.684167621074205e-62,0.1375139503485557,0.15640399362656976
HALLMARK_EPITHELIAL_MESENCHYMAL_TRANSITION,1.5768081850847535e-158,0.006125300385675925,7.941304181763421e-160,1.2414414975005337e-84,0.4544541169457144,4.437243515178648e-86,0.4331549572525085,0.44418024826064095
HALLMARK_ESTROGEN_RESPONSE_EARLY,0.0,2.427672807359155e-16,0.0,0.0,6.42022421859002e-21,0.0,0.06416016098851278,0.07229705175739781
HALLMARK_ESTROGEN_RESPONSE_LATE,3.1876116004764556e-265,2.336550503583164e-05,3.740848370501667e-264,6.581133579330782e-294,1.305571772428734e-07,2.105280364335095e-292,0.17684685889228166,0.19491583497071294
HALLMARK_FATTY_ACID_METABOLISM,5.602658808383079e-12,0.02803265286633095,1.0590950358192175e-11,1.356785794600769e-10,0.04922489680634889,2.8347261393323316e-10,0.4103312686768996,0.3847439982503241
HALLMARK_G2M_CHECKPOINT,8.763656922204378e-27,0.0013355587724363667,7.572832369015221e-26,1.3052789360109589e-27,0.005372072095752428,1.4935173087778988e-26,0.1375139503485557,0.15611590841872608
HALLMARK_GLYCOLYSIS,2.3843568643194987e-43,0.0012686842571930652,9.497865185354715e-43,4.5244172745269406e-45,0.0005680929398105454,3.2188172550903843e-44,0.1450723452645829,0.1684414868775239
HALLMARK_HEDGEHOG_SIGNALING,0.00016846976367989528,0.12495089445954108,0.00011743498572912696,0.001481700671200044,0.19844252660730188,0.0009366195660319966,0.2090396004194228,0.21600631907270246
HALLMARK_HEME_METABOLISM,0.37633254794991056,0.036359958299303774,0.34427995286161184,0.698014810410375,0.06964515764710287,0.7223975540743323,0.3549159626905628,0.3517382770654146
HALLMARK_HYPOXIA,7.113993246170195e-143,6.979197806657517e-05,2.0960062445344366e-143,3.628226013537963e-143,2.5495547844179024e-05,3.776690347368609e-143,0.15265689403418595,0.17631391422640735
HALLMARK_IL2_STAT5_SIGNALING,2.2627747271896057e-31,1.6550001751037428e-05,2.4259828909479844e-31,6.480546987410079e-30,3.4801626858440863e-06,7.333977877535834e-30,0.0934031074206048,0.1051631994107465
HALLMARK_IL6_JAK_STAT3_SIGNALING,3.4644703397117804e-59,4.188422863653201e-06,7.159656085704703e-59,6.738146752362112e-70,1.0766086865157967e-07,2.195489982959132e-69,0.099949516605691,0.11034603613786104
HALLMARK_INFLAMMATORY_RESPONSE,7.658337675243752e-34,0.01499262857095942,5.090273121197881e-34,8.856970887702665e-37,0.004215973561156472,5.793386302203896e-37,0.247241494926464,0.2376179281799347
HALLMARK_KRAS_SIGNALING_DN,7.686023293396064e-06,0.17236547931347818,6.517311348503633e-06,3.285284247663483e-05,0.35132578757396404,2.361221833683913e-05,0.4836766922199352,0.4680772246882637
HALLMARK_KRAS_SIGNALING_UP,1.6772822503247082e-19,2.1780929968576218e-10,7.003640491087856e-18,1.4370498352584243e-16,4.580771516186486e-10,2.535531539034385e-15,0.06065253703207193,0.06370492590333117
HALLMARK_MITOTIC_SPINDLE,3.219606985323551e-13,0.06276634269985584,4.74373100365498e-13,1.3520286583436976e-15,0.041732712784886224,2.5156913000720126e-15,0.1375139503485557,0.15795256616482872
HALLMARK_MTORC1_SIGNALING,3.2040665365397187e-37,1.628884726452254e-10,7.354732522660632e-36,6.720035385219395e-38,4.957381250165634e-10,1.8572068214998708e-36,0.09939763138842027,0.10675733566274746
HALLMARK_MYC_TARGETS_V1,1.2841450348715188e-35,2.7591578613741773e-05,2.1624514841713955e-34,2.861087962258343e-40,9.918785951383388e-06,5.878871874547924e-39,0.17684685889228166,0.19714109036428146
HALLMARK_MYC_TARGETS_V2,4.793846981883038e-09,0.07295818223958403,4.015159718336723e-09,8.275699836675109e-07,0.21443091035503709,4.782018534568652e-07,0.22972836866698296,0.24719729981601554
HALLMARK_MYOGENESIS,3.5614655024065033e-54,0.0006730269304070634,1.8201853968267853e-53,7.494069790102732e-51,0.0009059120453204627,6.019234365451707e-50,0.1375139503485557,0.1508227459045171
HALLMARK_NOTCH_SIGNALING,3.113516150297493e-05,0.3377372571532732,2.968844130353437e-05,1.3670808033144243e-06,0.488889912695798,9.687235819231965e-07,0.4891515376679721,0.4734170206973118
HALLMARK_OXIDATIVE_PHOSPHORYLATION,6.36139556980469e-07,0.006461504755974231,2.371291510731542e-07,2.742281843843025e-10,0.014235631007682326,1.2808592526328692e-10,0.30790190509975685,0.3005626303006946
HALLMARK_P53_PATHWAY,7.237446505708165e-19,0.0003855180158528306,3.174534215342596e-18,6.215739468622021e-19,0.00031890066989959294,2.798107629095796e-18,0.1375139503485557,0.14297007777973558
HALLMARK_PANCREAS_BETA_CELLS,2.6021445950790027e-12,0.2807961724081393,2.5221294493361992e-12,8.559661150007366e-12,0.4688045320798746,1.1888789903418304e-11,0.3648701923753007,0.3738634047693383
HALLMARK_PEROXISOME,1.2614141813864166e-18,0.01840123219797764,2.0669649067914853e-18,1.49886509460655e-15,0.06782855591001584,5.719018220821468e-15,0.247241494926464,0.25299098653045343
HALLMARK_PI3K_AKT_MTOR_SIGNALING,3.7644407977853087e-08,0.002579619906779207,3.813859131830471e-08,4.288754322572337e-05,0.012494349694502048,4.401839232497069e-05,0.22972836866698296,0.2415133040517369
HALLMARK_PROTEIN_SECRETION,1.1818564973311973e-14,0.0514018140995795,6.370763307646427e-15,1.1032438606014801e-10,0.4989614070177909,5.879573632674044e-11,0.33524895743005945,0.3402645908954903
HALLMARK_REACTIVE_OXYGEN_SPECIES_PATHWAY,2.257915298515308e-08,0.04901385553561177,1.818715948706189e-08,8.414729535717437e-08,0.12540088873363955,6.993056931832777e-08,0.3648701923753007,0.35205291585990744
HALLMARK_SPERMATOGENESIS,0.00300479608331426,0.22010781024360904,0.0028051707726391077,9.97885397673204e-07,0.0903012824073286,1.22543355049989e-06,0.1375139503485557,0.14806244729981938
HALLMARK_TGF_BETA_SIGNALING,6.29795655222818e-15,0.06993322970687928,6.7196694092956205e-15,7.871679161911151e-12,0.3531280161170497,7.530455998617402e-12,0.3945572563958365,0.3868125143699494
HALLMARK_TNFA_SIGNALING_VIA_NFKB,6.578397137933594e-84,9.290734404619376e-06,2.353471791540306e-81,6.7188155367845535e-65,0.015450850152614059,2.4276217138515977e-63,0.1375139503485557,0.1339213386797523
HALLMARK_UNFOLDED_PROTEIN_RESPONSE,2.2713214793498722e-10,0.0024290391130170853,2.3032888771066843e-10,5.130770889394157e-10,0.003134050003379554,6.137870165110755e-10,0.22972836866698296,0.2398729353770225
HALLMARK_UV_RESPONSE_DN,4.311826789429917e-06,0.249556136356332,5.0518928670170715e-06,0.0003005077973526379,0.20991713459148809,0.0002444651444187065,0.4331549572525085,0.4176823719343466
HALLMARK_UV_RESPONSE_UP,7.188670331071047e-26,0.03239988151503692,2.671594447598311e-26,1.6836750222222788e-23,0.17229496806542016,6.313113796359466e-24,0.2736154019270717,0.2937164441551707
HALLMARK_WNT_BETA_CATENIN_SIGNALING,2.84291179064554e-20,0.017555425778880876,6.341972065825423e-20,1.8642115593628227e-22,0.006289071542987279,4.534376480690186e-22,0.15265689403418595,0.17511213432046027
HALLMARK_XENOBIOTIC_METABOLISM,2.4094018991093344e-23,0.021063487397831798,1.39204151285924e-23,1.502478275434242e-23,0.026059571412989826,1.4639322569463202e-23,0.2663637926915699,0.2603838746970112
ONCOGENIC_AKT_UP.V1_DN,4.694628921299509e-62,0.002200497513813123,5.7502095229989565e-61,7.193740936049636e-59,0.0013922101439177831,5.20428396043341e-58,0.0910599401817303,0.0993816088224366
ONCOGENIC_AKT_UP.V1_UP,1.9394426957578752e-40,0.0028170945230666265,9.554428240332056e-40,2.8554837542230435e-40,0.0003815823012632016,9.146148411274805e-40,0.1375139503485557,0.15256781959102775
ONCOGENIC_AKT_UP_MTOR_DN.V1_DN,0.0007597037666472032,0.023529131335003173,0.0012072296287726338,0.000446527131976508,0.027675130653417417,0.000732190876272951,0.10813973782087387,0.12050430211145953
ONCOGENIC_AKT_UP_MTOR_DN.V1_UP,3.219221593833543e-14,0.005870395037951739,8.006423774870116e-14,1.513537458598911e-14,0.004069354058985389,3.5736894191662155e-14,0.1450723452645829,0.15795256616482872
ONCOGENIC_ALK_DN.V1_DN,7.476442506189009e-08,0.0023636962939634315,2.167106702319813e-07,0.00011405344033360156,0.006288658321060197,0.0001419979268232825,0.1450723452645829,0.16207131020594082
ONCOGENIC_ALK_DN.V1_UP,5.396946069071708e-26,0.00217442696686504,4.159615784090558e-25,3.0729348118330983e-30,0.00014864785145900388,8.448746079827057e-30,0.15265689403418595,0.1752365247682502
ONCOGENIC_ATF2_S_UP.V1_DN,7.665694873075419e-20,0.2034458294682451,6.886503192739659e-20,4.122461529278745e-22,0.30319826320274545,2.9957706892806397e-22,0.4218487628043692,0.4313673564838917
ONCOGENIC_ATF2_S_UP.V1_UP,1.7014257470064211e-29,0.0026270721302662572,2.4472172021521904e-29,1.1915190970285995e-32,0.001385004541942865,2.004609084034094e-32,0.0934031074206048,0.1055615591917879
ONCOGENIC_ATF2_UP.V1_DN,1.6170963230877392e-09,0.18573741515687167,1.8394980736404907e-09,5.796622679661043e-09,0.3756044106857413,5.333249620608521e-09,0.3549159626905628,0.3654619799430611
ONCOGENIC_ATF2_UP.V1_UP,2.7444005330024497e-59,0.0006272592712450039,1.642047882141353e-58,9.429976970193293e-63,1.877558811704052e-05,1.5555348235921491e-61,0.0934031074206048,0.0993816088224366
ONCOGENIC_ATM_DN.V1_DN,4.3172248269573355e-07,0.015425237373790032,8.076743011498226e-07,1.301460748265667e-06,0.0156800689798813,1.828130747413881e-06,0.18305246129618247,0.19474568779620235
ONCOGENIC_ATM_DN.V1_UP,2.2017165664063433e-28,0.3253115084312045,7.883044433561046e-29,1.8153180810569267e-18,0.5634513780163475,1.2507411032223199e-18,0.4103312686768996,0.4002076686751399
ONCOGENIC_BCAT.100_UP.V1_DN,0.025386788542325237,0.3187120679948529,0.024846639598316903,0.003013834579953643,0.5887914560677742,0.0030904760252005435,0.4442075367883371,0.4619318423245709
ONCOGENIC_BCAT.100_UP.V1_UP,0.015003214016422869,0.1975582515771256,0.013122138657044686,0.0014135280132659724,0.4460008320299679,0.0012293760849398034,0.3233935349930219,0.3401859636399106
ONCOGENIC_BCAT_BILD_ET_AL_DN,0.10457027549778132,0.2020922808736535,0.0922409021216044,0.01528249961260896,0.1623017051709415,0.012914537373601478,0.2663637926915699,0.2696890352369077
ONCOGENIC_BCAT_BILD_ET_AL_UP,0.009135276585807777,0.01093130209282512,0.014200890567992125,0.07024167896966847,0.04607943987153064,0.08210032610709546,0.22972836866698296,0.23527185453655144
ONCOGENIC_BCAT_GDS748_DN,1.2855109202304902e-16,0.28135379185486303,3.641970529408914e-17,1.0319123214743504e-13,0.5216814526049705,3.7965553522436495e-14,0.3945572563958365,0.40230299678338666
ONCOGENIC_BCAT_GDS748_UP,0.0403472491599332,0.013035345808586441,0.0208774766831637,0.0035794999715572096,0.04715632289013992,0.0021031059827775235,0.1590197885836378,0.19449399689868901
ONCOGENIC_BMI1_DN.V1_DN,4.3172248269573355e-07,0.03505727943780175,5.324098387800608e-07,1.3649330479079006e-07,0.10384954182245104,1.7438395112495013e-07,0.29086500501529244,0.32325136135071586
ONCOGENIC_BMI1_DN.V1_UP,1.5249037094251068e-53,0.0006434862613314815,1.1744712960388578e-51,2.48362081269367e-47,0.000805431360453088,2.029241719240415e-46,0.13805234895654755,0.1602089739527615
ONCOGENIC_BMI1_DN_MEL18_DN.V1_DN,0.011490878096022478,0.18228716267793804,0.012515213549955441,0.0007305606937171334,0.26604313202129026,0.0008855497730636461,0.29086500501529244,0.3022274934638318
ONCOGENIC_BMI1_DN_MEL18_DN.V1_UP,4.5625347174490085e-10,0.15113116317852945,7.442546950782555e-10,8.883028724301295e-16,0.07958913993221506,1.041333188765288e-15,0.22194172365241488,0.23048125974765676
ONCOGENIC_BRCA1_DN.V1_DN,0.3924618950623265,0.1921186539037935,0.3790763088182779,0.41678369106439705,0.2397686255997916,0.4455291767864834,0.18305246129618247,0.1998608938737283
ONCOGENIC_BRCA1_DN.V1_UP,3.185171363889401e-13,0.0291012349334928,3.4596242559791523e-13,3.984740392759964e-05,0.08630733867344521,7.133068528865901e-05,0.46949046961773605,0.4539527972335723
ONCOGENIC_CAHOY_ASTROCYTIC,1.7451452104152412e-100,4.351067342791381e-05,4.062736794365591e-99,3.1226814622779762e-89,1.688161140945341e-05,1.1037103578954086e-87,0.0910599401817303,0.0993816088224366
ONCOGENIC_CAHOY_ASTROGLIAL,3.9564567082684555e-66,1.2001718978482188e-05,2.618100770588953e-65,1.225412950906459e-63,2.3732904918915557e-06,5.246604769952573e-63,0.099949516605691,0.11980426780682055
ONCOGENIC_CAHOY_NEURONAL,1.896391332063144e-34,0.205134213394982,1.4045304709105747e-34,3.782826479637548e-25,0.4985243785650259,2.363262877373417e-25,0.29086500501529244,0.3155746295381365
ONCOGENIC_CAHOY_OLIGODENDROCUTIC,0.16908328467739692,0.30217545261823875,0.14747434849309668,0.6013773843787478,0.4836466404242921,0.6236250402376511,0.29086500501529244,0.30593580626706895
ONCOGENIC_CAMP_UP.V1_DN,2.659975431069101e-08,0.04223457385471261,2.6186945154101684e-08,1.5491952885599673e-06,0.1037346243112404,1.7772860281110331e-06,0.2663637926915699,0.2688878048396714
ONCOGENIC_CAMP_UP.V1_UP,1.3144958204122667e-37,0.0006941561529625982,7.12757728870545e-38,5.147542771867667e-41,0.00042117120269093134,4.000042051753479e-41,0.19842988099964276,0.2153950422700028
ONCOGENIC_CORDENONSI_YAP_CONSERVED_SIGNATURE,4.535854324552564e-101,0.01617566014325194,2.7831019226195923e-102,6.273444872753546e-81,0.025832340332898454,1.1227380681802604e-81,0.13805234895654755,0.15795256616482872
ONCOGENIC_CRX_DN.V1_DN,5.586889948030422e-97,1.486351218921469e-13,6.170723043843759e-95,8.286405277832855e-89,2.6519470843960917e-12,7.9835146529699265e-87,0.04913565829093816,0.05866745249811521
ONCOGENIC_CRX_DN.V1_UP,3.759550679033853e-05,0.29769699825207896,3.88612007895654e-05,0.0021300319460295686,0.4930310797376787,0.0024346926298190854,0.4442075367883371,0.4457055405082744
ONCOGENIC_CRX_NRL_DN.V1_DN,0.3017878151924189,0.08907299244210079,0.27333142324939763,0.3445628309026709,0.0958953957771675,0.3991653800882887,0.3648701923753007,0.35547667994461674
ONCOGENIC_CRX_NRL_DN.V1_UP,0.14793873200687574,0.24779086391484095,0.16466757549215266,0.0003742542161616633,0.2776428869938172,0.0005052221682741726,0.28301732152773523,0.2915519594069371
ONCOGENIC_CSR_EARLY_UP.V1_DN,1.6999896886358124e-54,0.004083303915319489,9.296742508085472e-54,1.9218325171977673e-51,0.00454467972714714,8.809940381973541e-51,0.12678372603082808,0.12929058305938712
ONCOGENIC_CSR_EARLY_UP.V1_UP,8.598566711809086e-10,0.006102151702960246,1.7409849267228301e-09,5.982066181044647e-10,0.007824324582974666,1.167347780419126e-09,0.1375139503485557,0.15611590841872608
ONCOGENIC_CSR_LATE_UP.V1_DN,1.578549237083466e-13,0.025710748424055446,1.4773941485560371e-13,1.5268646103004335e-12,0.0511213755146606,1.4652486396623942e-12,0.2663637926915699,0.2791165275529113
ONCOGENIC_CSR_LATE_UP.V1_UP,2.27971652416672e-24,0.0004430418689516878,5.127385199721335e-24,1.6577356143596167e-21,0.00479465519383167,8.126163253866843e-21,0.16944477321988816,0.19169697407108693
ONCOGENIC_CTIP_DN.V1_DN,1.5141553354880938e-08,0.22792684225634,1.0789977875525013e-08,1.009682890198562e-07,0.5237912944325336,6.890115623586313e-08,0.4331549572525085,0.4313673564838917
ONCOGENIC_CTIP_DN.V1_UP,5.026258016267027e-09,0.014660966248269847,2.9411827981626268e-09,0.0009890594928593634,0.10846528223293657,0.0006617652888601223,0.2736154019270717,0.2822668651583085
ONCOGENIC_CYCLIN_D1_KE_.V1_DN,0.16939691162080436,0.007905167623411143,0.16267027665787984,0.25253898377334905,0.009465126617933521,0.2777303772438319,0.2090396004194228,0.2179523219472313
ONCOGENIC_CYCLIN_D1_KE_.V1_UP,1.603019648546141e-11,0.04466360139885284,2.0784168488877766e-11,3.710931042951196e-11,0.06960132717732731,4.44096943933094e-11,0.1590197885836378,0.18554123461436434
ONCOGENIC_CYCLIN_D1_UP.V1_DN,2.999877812543579e-17,0.0018177630143858504,6.688549261369661e-17,8.109801976038899e-18,0.000982670249945875,1.8204718645072067e-17,0.099949516605691,0.11034603613786104
ONCOGENIC_CYCLIN_D1_UP.V1_UP,3.8122368332442334e-38,0.009468533777249544,4.523708706402762e-38,4.839098735798443e-41,0.0071974459182977514,5.101040126390518e-41,0.16944477321988816,0.18554123461436434
ONCOGENIC_DCA_UP.V1_DN,0.0007029483258940164,0.03853798691878869,0.0010523933053814695,0.010628504933029671,0.0735063281807698,0.013800953438587471,0.1375139503485557,0.14297007777973558
ONCOGENIC_DCA_UP.V1_UP,4.5969556915340136e-42,0.01295222918759118,4.2568922706732434e-42,1.1204859069188467e-35,0.049198112156693515,7.654210478658956e-36,0.28301732152773523,0.3006200433871839
ONCOGENIC_E2F1_UP.V1_DN,0.4567275212321749,0.026042223963390596,0.36126585452939897,0.8822983868030138,0.10937766413811817,0.7632179871645189,0.29086500501529244,0.32341499300492244
ONCOGENIC_E2F1_UP.V1_UP,1.8512606622432265e-17,0.07948432031204862,6.543697156487265e-17,1.7597263428782888e-21,0.10081373756227367,9.832532436130827e-21,0.2736154019270717,0.2789249611011854
ONCOGENIC_E2F3_UP.V1_DN,0.180311992017354,0.3176476028708496,0.16305127261460478,0.6787713334711676,0.5790893617616031,0.6220815110410801,0.4331549572525085,0.4378062421646381
ONCOGENIC_E2F3_UP.V1_UP,8.820578164778492e-15,0.2612486133377726,4.2585426002222295e-15,4.036978366098367e-15,0.5128038200299592,2.412041604454069e-15,0.4836766922199352,0.4716369479472931
ONCOGENIC_EGFR_UP.V1_DN,1.7267238326112843e-67,0.0038621388391962227,4.86249045894719e-68,1.2685273969299076e-75,0.0005161511709558695,6.231718762668365e-76,0.22972836866698296,0.23515605532229664
ONCOGENIC_EGFR_UP.V1_UP,4.6060946746199557e-156,1.0403865750326472e-13,2.0560985748214585e-151,7.419914543564281e-144,4.788592529576466e-14,3.3785558820437036e-140,0.06065253703207193,0.06762303850724143
ONCOGENIC_EIF4E_DN,0.0009114047018592508,0.12223210780916365,0.0016227115123152824,0.002790670171475346,0.15168260341242756,0.0048236808634339115,0.28301732152773523,0.3062930227870148
ONCOGENIC_EIF4E_UP,3.021362332656962e-11,0.0020212660119507727,1.0339478977464605e-10,1.2284305366055054e-10,0.0007110573998990055,3.220089636237643e-10,0.1590197885836378,0.17901290832013925
ONCOGENIC_ERBB2_UP.V1_DN,1.604548440787917e-05,0.2827582702633737,1.0075798252130797e-05,3.1617987096175013e-07,0.3865110543020364,1.9167504133923227e-07,0.4218487628043692,0.4271344763204296
ONCOGENIC_ERBB2_UP.V1_UP,7.058808295420371e-46,2.2397011413483922e-09,5.937647974824222e-44,3.857897143152853e-45,1.3662775045579842e-10,2.8846047549012564e-43,0.0910599401817303,0.09823747182254776
ONCOGENIC_ESC_J1_UP_EARLY.V1_DN,1.0418841884846096e-09,0.17707191387457527,8.630048995035922e-10,7.737595815273864e-10,0.2700878926999474,4.905724815744931e-10,0.376763172139128,0.3809375725189783
ONCOGENIC_ESC_J1_UP_EARLY.V1_UP,0.4325432948504213,0.3103218896290465,0.33683680442524344,0.5412248847386331,0.645920429053217,0.5884122473675273,0.4891515376679721,0.4716369479472931
ONCOGENIC_ESC_J1_UP_LATE.V1_DN,3.2799714597830483e-06,0.25712111397647497,3.726815454265329e-06,7.184543843642388e-07,0.29871770018902444,8.31749026816835e-07,0.2090396004194228,0.22657479771803546
ONCOGENIC_ESC_J1_UP_LATE.V1_UP,3.235511725460224e-74,0.016393368828658175,5.308644682201398e-73,9.532495712411749e-85,0.0014099506969092088,2.1931284565590793e-83,0.1590197885836378,0.18169539281520414
ONCOGENIC_ESC_V6.5_UP_EARLY.V1_DN,9.993000587826766e-111,1.2529995641933694e-05,3.212482393292836e-109,7.215599811798436e-91,7.615871442699926e-05,9.686159460397769e-90,0.1375139503485557,0.15590734975937598
ONCOGENIC_ESC_V6.5_UP_EARLY.V1_UP,0.0005716015817109872,0.2992935761222572,0.0004892873611645072,0.001504779787910052,0.5038638678808341,0.0013139970469607813,0.4218487628043692,0.4223838461968832
ONCOGENIC_ESC_V6.5_UP_LATE.V1_DN,7.493793631033132e-58,5.7800491777093015e-05,7.272874566056553e-57,1.6231351581309364e-56,1.303217509694317e-05,1.4973686617908302e-55,0.099949516605691,0.11319738744781373
ONCOGENIC_ESC_V6.5_UP_LATE.V1_UP,1.5270290945706847e-116,0.004044775589614411,7.96456589343463e-117,5.340819916458011e-122,0.0008992335649305514,2.1208870339468246e-122,0.1375139503485557,0.14297007777973558
ONCOGENIC_GCNP_SHH_UP_EARLY.V1_DN,2.0727453051692496e-16,0.07556803289287918,4.1693092227408615e-16,1.2973819744435825e-15,0.09808944203437073,2.9106974283974482e-15,0.1450723452645829,0.1684414868775239
ONCOGENIC_GCNP_SHH_UP_EARLY.V1_UP,2.7991361320526976e-17,0.036795751394485515,2.909974109062661e-17,7.077997174017209e-19,0.05302594305220744,1.3228385050836703e-18,0.2090396004194228,0.23200490625442444
ONCOGENIC_GCNP_SHH_UP_LATE.V1_DN,2.9331703857785337e-71,0.003711066572360083,3.737383880385522e-71,2.1296166819666583e-66,0.0023465624997821314,2.944744701329553e-66,0.1375139503485557,0.14297007777973558
ONCOGENIC_GCNP_SHH_UP_LATE.V1_UP,2.6760860311043106e-11,0.14171486422048998,1.4226188002148387e-11,3.4999430995321634e-12,0.212516182560815,2.300579084470814e-12,0.3233935349930219,0.3366097490195903
ONCOGENIC_GLI1_UP.V1_DN,1.9218718264424474e-05,0.03032296229299962,2.4600629812173654e-05,1.9982082793966415e-05,0.038571581593313004,2.1055908541763467e-05,0.19842988099964276,0.20990936073769084
ONCOGENIC_GLI1_UP.V1_UP,1.770596108219884e-09,0.021926723503158448,1.455375469932296e-09,0.0016602790947220529,0.08081258018125546,0.0015420645606693346,0.22972836866698296,0.2324854446150277
ONCOGENIC_HINATA_NFKB_IMMU_INF,1.6752152708052128e-05,0.0056824424882017475,3.5871507890416555e-05,6.233721035703906e-06,0.017997031299166518,1.1109563401675153e-05,0.1375139503485557,0.14297007777973558
ONCOGENIC_HINATA_NFKB_MATRIX,2.721894336656693e-25,0.06038110976555691,7.604905758222973e-25,9.042617855345795e-19,0.2653223881982545,1.204541969893122e-18,0.33524895743005945,0.3577680761008217
ONCOGENIC_HOXA9_DN.V1_DN,6.967136732441024e-105,2.8607731921427788e-06,4.865783370687914e-104,4.108399761406624e-104,1.9699001804075306e-07,5.587177969437938e-103,0.08303630777739864,0.09369815741826433
ONCOGENIC_HOXA9_DN.V1_UP,0.01082061309066222,0.002513457859409429,0.014173667093268541,0.042862185795770696,0.0004282080470715036,0.06123978392553425,0.1375139503485557,0.13968199718672816
ONCOGENIC_IL15_UP.V1_DN,0.013298529848639386,0.06726565901625464,0.01681501125685228,0.6987522372134618,0.2627781747972994,0.6823282554657911,0.33524895743005945,0.3654619799430611
ONCOGENIC_IL15_UP.V1_UP,2.8944794416223387e-12,0.3229018995611673,3.6063866325551915e-12,3.8146431963304283e-10,0.5142319088150218,3.8630685507125927e-10,0.4103312686768996,0.4185185601009798
ONCOGENIC_IL21_UP.V1_DN,5.0187208358518263e-14,0.2585407788075487,2.844257879273699e-14,3.404720799015778e-05,0.25067602274838496,2.2892648113731744e-05,0.376763172139128,0.37479341812351097
ONCOGENIC_IL21_UP.V1_UP,4.119541517622256e-34,0.20692919959603912,1.3470742392175316e-34,9.136295017726002e-28,0.4474833348121063,5.763312446467177e-28,0.4442075367883371,0.4313673564838917
ONCOGENIC_IL2_UP.V1_DN,7.162997447343236e-37,0.06833062369901786,2.585007427928204e-36,2.312408096676957e-28,0.2037555903353832,5.220336148087325e-28,0.2736154019270717,0.2929049836688297
ONCOGENIC_IL2_UP.V1_UP,8.648599393681929e-20,0.03791571909128498,2.214450212668634e-19,4.298805840698868e-18,0.1790926744749337,1.0903052853919466e-17,0.17684685889228166,0.19367962911474704
ONCOGENIC_JAK2_DN.V1_DN,2.1026190071669384e-12,0.00585027785506236,5.962708634895367e-12,1.1154060031962207e-15,0.0006974714412774749,3.0304825247585824e-15,0.0934031074206048,0.1035476054345774
ONCOGENIC_JAK2_DN.V1_UP,0.0002085145043940005,0.0977654525527696,0.00017729026780926145,0.0016712520206829534,0.2716972813324046,0.001894559381352232,0.2736154019270717,0.28738664688781235
ONCOGENIC_JNK_DN.V1_DN,3.68191929286015e-05,0.2945171172354514,3.1983367957045043e-05,9.446257122009504e-07,0.5001379603930741,1.055218486479224e-06,0.2663637926915699,0.2782576839364775
ONCOGENIC_JNK_DN.V1_UP,0.0065632347771244345,0.2664736714012168,0.007394001776172014,1.4505955009421668e-05,0.3125147021722157,1.9111826749947207e-05,0.3648701923753007,0.3786690930147926
ONCOGENIC_KRAS.300_UP.V1_DN,0.002540701690171091,0.11571507570064447,0.001578817377386258,3.5390894046424324e-07,0.0050086275449343996,3.173809631768491e-07,0.3648701923753007,0.3809375725189783
ONCOGENIC_KRAS.300_UP.V1_UP,5.512236668690977e-29,0.031287014432880074,3.780611317146552e-30,7.611157363613627e-20,0.07803510209358575,9.921683390271469e-21,0.22972836866698296,0.257395930277985
ONCOGENIC_KRAS.50_UP.V1_DN,0.0001727878145014581,0.0006263369552592126,0.0004161545445102991,1.5419811424818402e-07,3.834486201440539e-05,2.044386408696368e-07,0.11707428556416855,0.1260121860268115
ONCOGENIC_KRAS.50_UP.V1_UP,1.3690785826517684e-25,0.06126895319095355,2.9375637536241665e-26,0.0022757646192902038,0.05171461088417486,0.0012489805498466912,0.1375139503485557,0.15525405723257302
ONCOGENIC_KRAS.600.LUNG.BREAST_UP.V1_DN,1.7500435928016644e-09,0.16386301904964995,1.518679214141752e-09,9.586203472477479e-11,0.12889088701195786,1.0933854932819128e-10,0.3648701923753007,0.3672127940923925
ONCOGENIC_KRAS.600.LUNG.BREAST_UP.V1_UP,0.03729057395828099,0.2441677262355996,0.035954961151030175,0.4952601221515144,0.19897920433496716,0.3869875995081283,0.3648701923753007,0.3747246232958885
ONCOGENIC_KRAS.600_UP.V1_DN,0.0078093688677014685,0.04702249488797414,0.007702281243915425,0.00011293923222509016,0.00802692053895864,0.00012087791101542434,0.2736154019270717,0.2987528381487542
ONCOGENIC_KRAS.600_UP.V1_UP,5.839556354514568e-23,0.2312146596811776,8.78498750859605e-24,1.67823556323509e-23,0.4655190970795002,3.858644396829892e-24,0.46949046961773605,0.4675711121891268
ONCOGENIC_KRAS.AMP.LUNG_UP.V1_DN,1.0103121230933591e-10,0.01901253757007787,1.004422246496026e-10,8.752461822322759e-07,0.07287010677604525,1.046838164491167e-06,0.28301732152773523,0.28527350977834315
ONCOGENIC_KRAS.AMP.LUNG_UP.V1_UP,0.22519872494725024,0.3166284033582649,0.2280011181679083,0.21704612675219748,0.4860318276554683,0.2552804640527261,0.4891515376679721,0.4619318423245709
ONCOGENIC_KRAS.BREAST_UP.V1_DN,0.006468559810332803,0.3093397507167779,0.005080919610391846,2.9182551475143127e-07,0.5174801634077666,2.4802644395809585e-07,0.4590829676810214,0.43933831850101335
ONCOGENIC_KRAS.BREAST_UP.V1_UP,8.212798469670936e-32,0.033910649225539394,1.0516370095925577e-31,5.623635381340575e-19,0.04145548250517609,2.8588802273069754e-19,0.2663637926915699,0.2782576839364775
ONCOGENIC_KRAS.DF.V1_DN,0.0009371083063331273,0.056542744029817724,0.0011458467882392354,0.0001946356774803412,0.060166431209558474,0.00031175409694194424,0.18305246129618247,0.20028049097908115
ONCOGENIC_KRAS.DF.V1_UP,6.091193893406976e-10,0.012991791877002936,1.8182019092688325e-09,5.870146664936861e-12,0.010845504240258591,1.4488454788811207e-11,0.1375139503485557,0.14984068789121752
ONCOGENIC_KRAS.KIDNEY_UP.V1_DN,1.2405864859074179e-09,0.00963552379245374,1.942533546195288e-09,3.5731457144999283e-06,0.037972565573602825,4.5038616614464464e-06,0.15265689403418595,0.17986140090167968
ONCOGENIC_KRAS.KIDNEY_UP.V1_UP,0.010593917233888923,0.002078067622278824,0.007016503463924018,0.018394162705533214,0.004750056107393966,0.011130719772770952,0.1590197885836378,0.17720547448474738
ONCOGENIC_KRAS.LUNG.BREAST_UP.V1_DN,3.470160172484497e-06,0.1966999361152129,4.822811847413887e-06,0.0003067824460668373,0.5594271384272811,0.000385710999644916,0.26551462906465345,0.2613296320399501
ONCOGENIC_KRAS.LUNG.BREAST_UP.V1_UP,7.36255125433411e-06,0.13288443574358852,4.855676751976818e-06,0.00016884350229581278,0.17461420941366596,9.486321810587314e-05,0.28301732152773523,0.29348276708512866
ONCOGENIC_KRAS.LUNG_UP.V1_DN,9.164719999417476e-81,1.2594147997604152e-05,1.1658883475853871e-79,5.675319432943321e-71,6.543869491731898e-06,8.71323682733743e-70,0.1375139503485557,0.15294732854173182
ONCOGENIC_KRAS.LUNG_UP.V1_UP,9.414834809169983e-10,0.19707789445320498,1.1244415092869906e-09,0.0010666770666377273,0.5429304012503504,0.0012758485146202347,0.376763172139128,0.3861180501828229
ONCOGENIC_KRAS.PROSTATE_UP.V1_DN,1.7488060037779178e-08,0.11251895290883672,6.052562228343253e-09,3.1114986054453916e-05,0.09866585169845783,1.832634103183456e-05,0.46949046961773605,0.4520867870204073
ONCOGENIC_KRAS.PROSTATE_UP.V1_UP,1.1470969248226542e-55,0.0066181519589715646,7.647576487988986e-56,8.754935345745847e-20,0.17502503741441128,4.753717500832259e-20,0.3945572563958365,0.39358531201505736
ONCOGENIC_LEF1_UP.V1_DN,1.2044355486277945e-123,0.009746149277395892,1.2155775228925677e-124,7.697145253236735e-119,0.008984708269451261,1.9209115533770822e-119,0.2090396004194228,0.2309190092804535
ONCOGENIC_LEF1_UP.V1_UP,5.0367050601302445e-123,0.0002632352102847806,1.0325482723061794e-123,1.646487876067455e-111,2.3871105563957694e-05,7.01868554785489e-112,0.0934031074206048,0.10642392780776007
ONCOGENIC_LTE2_UP.V1_DN,6.36139556980469e-07,0.2504365962408597,1.2635292971769769e-06,0.0005016155022719111,0.5624454562207853,0.0005543563923486179,0.4590829676810214,0.4701575679091005
ONCOGENIC_LTE2_UP.V1_UP,0.12571489083411028,7.582740462791817e-08,0.18042511411039605,0.3286994669708587,2.1009060447919095e-09,0.4411265884687224,0.07705601464851487,0.08979547726314276
ONCOGENIC_MEK_UP.V1_DN,7.736408551877218e-47,0.016489099606572282,3.013933942088235e-47,5.34835608829996e-53,0.0020806398780702237,1.6741093530787262e-53,0.2663637926915699,0.2782576839364775
ONCOGENIC_MEK_UP.V1_UP,3.645224164966159e-145,2.1035055926040266e-10,4.02503342579947e-143,4.5574658331581266e-133,5.130070024105757e-11,2.565587012588331e-131,0.07190657971883962,0.08589208539594165
ONCOGENIC_MEL18_DN.V1_DN,0.058582147094538524,0.29276832746818104,0.06319642285564035,0.06769584937053433,0.5690117435740736,0.07231909457766288,0.4891515376679721,0.4701575679091005
ONCOGENIC_MEL18_DN.V1_UP,1.802211440764608e-32,0.11691242410199296,4.081716865031473e-32,5.149008663114351e-37,0.07017771007152457,5.134742949097284e-37,0.33524895743005945,0.335934283056726
ONCOGENIC_MTOR_UP.N4.V1_DN,1.2694309456460788e-08,0.28202037337991737,1.0188590203232431e-08,2.604867043237627e-09,0.4206905764950593,2.176961278931572e-09,0.4103312686768996,0.4075290373394486
ONCOGENIC_MTOR_UP.N4.V1_UP,2.657277319761258e-35,2.8953477428150218e-08,2.9203715686449697e-34,1.7028523568622454e-35,7.725501285635195e-09,1.366725498417765e-34,0.06759465643081121,0.08096032695002109
ONCOGENIC_MTOR_UP.V1_DN,4.687312996805026e-43,0.003630521092521804,5.844689056120938e-41,1.5493837973088952e-43,0.0017709618047955086,1.8105003685047703e-41,0.13403020096507193,0.13926798808816795
ONCOGENIC_MTOR_UP.V1_UP,1.534096206386923e-25,0.004206281267866981,4.96882085522677e-25,6.841452584293043e-29,0.000734132074770919,1.7767433235530703e-28,0.13805234895654755,0.1636917777343433
ONCOGENIC_MYC_UP.V1_DN,0.3151101257215858,0.2891044746267627,0.2938866909569894,0.8289508843869423,0.463511851183167,0.7150470184980593,0.376763172139128,0.3747246232958885
ONCOGENIC_MYC_UP.V1_UP,4.398844374449914e-21,0.0092609748273578,2.7728741934579165e-21,8.299408860662981e-23,0.004123275568923819,4.4142841370359225e-23,0.18305246129618247,0.20028049097908115
ONCOGENIC_NFE2L2.V2,0.024330067914710197,4.835414393368641e-06,0.02354959601996518,2.903608956282182e-05,5.4839708543947995e-08,6.012615567006041e-05,0.1375139503485557,0.15531734556793045
ONCOGENIC_NOTCH_DN.V1_DN,3.0765686206257596e-05,0.059840832464802575,4.786955624561557e-05,3.697897004492453e-05,0.06248999556250104,5.431727261754386e-05,0.4218487628043692,0.4291211483033154
ONCOGENIC_NOTCH_DN.V1_UP,0.3771948365507332,0.03778298185095034,0.3691813740769532,0.3019473529321555,0.05790968412180604,0.2266614865982736,0.33524895743005945,0.3537254989697389
ONCOGENIC_NRL_DN.V1_DN,0.2855124430311925,0.02832973414513621,0.30132807355615354,0.26610015309618484,0.011335045301777428,0.30992623947724884,0.15265689403418595,0.18064350023202366
ONCOGENIC_NRL_DN.V1_UP,0.00033173587995041494,0.1750491512692728,0.00048308425251625774,1.0127491569149084e-07,0.16339524591921306,1.4234126856109155e-07,0.2663637926915699,0.2657342282866758
ONCOGENIC_P53_DN.V1_DN,9.885263854358396e-34,0.005535203254078171,6.734432790571797e-34,3.2619888075185014e-23,0.0067082189310516795,2.816094884971226e-23,0.1375139503485557,0.14694146882917267
ONCOGENIC_P53_DN.V1_UP,0.4732124785591314,0.028102580099812115,0.24531078942112175,0.953491589061012,0.07334242865271967,0.4958299582856147,0.30790190509975685,0.3231214220461228
ONCOGENIC_P53_DN.V2_DN,1.5494743680293917e-32,0.27759789691973985,7.447142213752346e-33,1.5936002525344392e-24,0.5746522338060628,1.2411514500448991e-24,0.3233935349930219,0.3423801706834993
ONCOGENIC_P53_DN.V2_UP,6.104263573454879e-18,0.01810916431272822,7.876612678045157e-18,1.5654653804896066e-17,0.02496928197018305,1.9869716459750933e-17,0.13805234895654755,0.15611590841872608
ONCOGENIC_PDGF_ERK_DN.V1_DN,0.15837161715150205,0.3162906033550337,0.1409842873414161,0.24995546911897196,0.5296464032442874,0.24161493874370546,0.3233935349930219,0.3196636950098221
ONCOGENIC_PDGF_ERK_DN.V1_UP,5.868350842649255e-08,0.24578836688937686,2.3408320619395853e-08,6.370425147887741e-10,0.3677469447663097,1.7513019823456205e-10,0.2736154019270717,0.2685065459734376
ONCOGENIC_PDGF_UP.V1_DN,0.1072497054757483,0.07611746446587939,0.08671964407288084,0.454133938068277,0.17479674949431495,0.4095822304782592,0.4218487628043692,0.4286259720027485
ONCOGENIC_PDGF_UP.V1_UP,0.03968306435993205,0.2196619985224728,0.044075626816599565,0.026211012153762352,0.1698067046258847,0.03048053148123708,0.2663637926915699,0.2730245402987433
ONCOGENIC_PIGF_UP.V1_DN,0.00016030786036959468,0.03745909546280374,0.0001456986551856796,7.757787708013674e-05,0.03104483553102025,8.127409746938797e-05,0.18305246129618247,0.20691729328346495
ONCOGENIC_PIGF_UP.V1_UP,3.2607975774009215e-24,0.3367870580118669,6.742089574701641e-25,3.724924267356712e-28,0.4749910549558834,6.381596195207529e-29,0.46949046961773605,0.4722564856229803
ONCOGENIC_PKCA_DN.V1_DN,0.0001727878145014581,0.04925218319203019,0.00024641099546605087,2.3411948646059696e-06,0.02124353051098737,3.4358691454273343e-06,0.17684685889228166,0.19528009508176147
ONCOGENIC_PKCA_DN.V1_UP,2.019574687758235e-36,0.02194985173705398,4.380614303286913e-36,2.261827564323205e-33,0.06589415879551737,2.970931339656152e-33,0.099949516605691,0.11608932763945976
ONCOGENIC_PRC1_BMI_UP.V1_DN,0.2790136678443705,0.1269931067563007,0.2950829767505761,0.5416148554798602,0.2608372134789901,0.6014112016879607,0.17684685889228166,0.19367962911474704
ONCOGENIC_PRC1_BMI_UP.V1_UP,2.954244049108906e-28,0.0019941107278331734,7.806773851090276e-28,1.856361961014828e-22,0.006203459399571957,4.718530525712511e-22,0.13805234895654755,0.1651387126250234
ONCOGENIC_PRC2_EED_UP.V1_DN,0.012874663296785105,0.11374272326396645,0.013196078895055485,0.002508500399140009,0.14503465832142154,0.002251067487938833,0.26551462906465345,0.2694249814573241
ONCOGENIC_PRC2_EED_UP.V1_UP,1.6107926797410976e-21,0.007787346743282327,1.1343088715841399e-20,3.0333573834164425e-21,0.004818139439184545,1.758256978365473e-20,0.0934031074206048,0.1055615591917879
ONCOGENIC_PRC2_EZH2_UP.V1_DN,0.004016407111613837,0.2491340275316299,0.0051207180402998995,0.00019361395255239387,0.3660064610061119,0.000265313034773933,0.2663637926915699,0.2801004500552621
ONCOGENIC_PRC2_EZH2_UP.V1_UP,5.083272216423439e-05,0.017031130762268414,6.420257366065196e-05,6.360014231542306e-05,0.02884270560583195,0.00010542999000080542,0.1375139503485557,0.14779459960377006
ONCOGENIC_PRC2_SUZ12_UP.V1_DN,0.013850406045870109,0.26111215378024444,0.013832157277150587,0.0074461139480433815,0.5414196001860703,0.00830998831724348,0.4442075367883371,0.44813186108361536
ONCOGENIC_PRC2_SUZ12_UP.V1_UP,0.009040226319324563,0.05708546907521483,0.01086081539634608,0.013628737424745048,0.08687970433755463,0.014875795483377415,0.18305246129618247,0.20594880676150798
ONCOGENIC_PTEN_DN.V1_DN,2.1541328467800817e-61,3.542050134356551e-05,7.766970710380755e-61,4.680346326723041e-59,1.4842075741246088e-06,1.3103210877955017e-58,0.13403020096507193,0.1335877329840761
ONCOGENIC_PTEN_DN.V1_UP,1.788037414494691e-06,0.307405210491405,2.243641156639408e-06,0.0011151208357066825,0.46247332670369,0.0010940067300140648,0.376763172139128,0.3738634047693383
ONCOGENIC_PTEN_DN.V2_DN,4.376524791895962e-09,0.29817173685592896,3.123584227146517e-09,4.901633300742941e-10,0.5235578140453069,4.215118632074535e-10,0.46949046961773605,0.4725266093503637
ONCOGENIC_PTEN_DN.V2_UP,0.024045295250789186,0.018710619175655543,0.044058551474197585,0.0007140445407965864,0.015431058593655038,0.0019102411486189386,0.16944477321988816,0.19361090445692397
ONCOGENIC_RAF_UP.V1_DN,1.4304969937306663e-154,1.2882164731598166e-09,8.809061622968734e-153,5.107943189308338e-166,1.3638962633649516e-11,9.50670324709259e-164,0.0616978205500563,0.06782163314299572
ONCOGENIC_RAF_UP.V1_UP,9.491156610909133e-174,2.470311904868073e-21,3.0982900771415077e-169,6.466168755371193e-162,1.0832725038092142e-21,5.550877987138794e-158,0.04913565829093816,0.05866745249811521
ONCOGENIC_RAPA_EARLY_UP.V1_DN,5.292853000363387e-05,0.0010277979750783876,5.903405684484518e-05,0.00033943649086147547,0.0014338654229596422,0.00042574295395861816,0.10813973782087387,0.11608932763945976
ONCOGENIC_RAPA_EARLY_UP.V1_UP,0.09730026851392187,0.2530819957173188,0.07179587991360957,0.10537851427859636,0.3769828641216326,0.06732051455919012,0.4331549572525085,0.4313673564838917
ONCOGENIC_RB_DN.V1_DN,0.05382732701721253,0.20967239013666145,0.06313490129996155,0.08384477779625768,0.4611025852826242,0.09928911669928316,0.4891515376679721,0.4716369479472931
ONCOGENIC_RB_DN.V1_UP,2.640963673183458e-10,0.2420034065597557,2.2976905963740442e-10,8.239896649455513e-10,0.5452160993198659,6.256511204027453e-10,0.4590829676810214,0.4675711121891268
ONCOGENIC_RB_P107_DN.V1_DN,0.4437440137227939,0.009678197008836795,0.3752453613775469,0.1688740248354582,0.03355894979428205,0.13608496246979693,0.22194172365241488,0.22492078697948012
ONCOGENIC_RB_P107_DN.V1_UP,1.7562937683682416e-141,0.002009561792097196,3.0736924804273373e-142,2.4411932042592818e-108,0.005744503331568807,7.333159820300615e-109,0.29086500501529244,0.29105115465826753
ONCOGENIC_RB_P130_DN.V1_DN,0.013434131979971368,0.0012377835247918635,0.01580256971511514,0.05745742183236345,0.0006734919593243733,0.06858027679820287,0.18305246129618247,0.20028049097908115
ONCOGENIC_RB_P130_DN.V1_UP,0.011990396851638257,0.3209403862812571,0.010045360598459936,0.02191637981707153,0.5608865005714132,0.020619437675283788,0.4836766922199352,0.4774806861110226
ONCOGENIC_RELA_DN.V1_DN,5.277953710834162e-56,0.0014351529310873935,7.866794812255325e-56,6.568531871453122e-28,0.016297460437161675,1.0975134055556467e-27,0.1590197885836378,0.17858478245164888
ONCOGENIC_RELA_DN.V1_UP,0.199330515107625,0.1474328763782468,0.2230959417483187,0.033795702707433185,0.02026373884418454,0.04853517699541325,0.33524895743005945,0.3556713049539441
ONCOGENIC_RPS14_DN.V1_DN,1.621315239965719e-47,5.31664922944228e-05,6.792414708422196e-47,2.243964480760373e-52,4.3934512542922754e-06,1.1475518821838566e-51,0.099949516605691,0.11330724813620036
ONCOGENIC_RPS14_DN.V1_UP,6.887646389370356e-41,4.741458828857686e-07,5.50169684131423e-40,6.201548410849746e-28,4.117967769556236e-07,1.1870715008976731e-27,0.099949516605691,0.1191498330796892
ONCOGENIC_SINGH_KRAS_DEPENDENCY_SIGNATURE,2.585270870017528e-10,0.17224290612069768,2.6900728761880826e-10,3.4962174745753154e-05,0.4975064828643289,2.697413019845287e-05,0.4442075367883371,0.4598696465999076
ONCOGENIC_SIRNA_EIF4GI_DN,5.2345175358599e-37,4.771129099274556e-05,2.039226778098129e-36,8.964419665529508e-35,8.713705666829973e-05,3.566299629296348e-34,0.0934031074206048,0.0993816088224366
ONCOGENIC_SIRNA_EIF4GI_UP,3.255383297148335e-07,0.005464252914243328,3.8513364211049374e-07,1.3467121747396539e-05,0.009005771171412508,2.136969104356832e-05,0.28301732152773523,0.28527350977834315
ONCOGENIC_SNF5_DN.V1_DN,3.928533375641493e-19,7.966868231919173e-05,1.978685317887939e-18,3.7910528210560814e-20,3.36483094138971e-05,2.2072069349812413e-19,0.0934031074206048,0.0993207994434828
ONCOGENIC_SNF5_DN.V1_UP,6.863896953439702e-81,1.1827863832937344e-14,9.62185984213712e-79,5.1108092939033274e-76,3.004869136436819e-15,3.745746653241016e-74,0.0616978205500563,0.07229705175739781
ONCOGENIC_SRC_UP.V1_DN,1.3356269082045165e-09,0.1562284651214381,2.060981214008685e-09,2.163854988620248e-09,0.26635238840909536,3.6318892966878846e-09,0.29086500501529244,0.3099752405402097
ONCOGENIC_SRC_UP.V1_UP,0.1595694982742196,0.3126599333953657,0.16122291361497265,0.3724384118898837,0.5022138176779395,0.3689140066227672,0.4442075367883371,0.4457055405082744
ONCOGENIC_STK33_DN,1.5877299017690765e-09,0.00029889482077119067,1.9951756573211113e-09,1.5773627140596056e-10,6.585434151907811e-05,2.460741061764403e-10,0.13805234895654755,0.15590734975937598
ONCOGENIC_STK33_NOMO_DN,4.034142523322892e-23,0.0007928831617341317,1.0628141812495262e-22,5.516110888379737e-25,0.00035644167653892946,1.239330996908165e-24,0.09939763138842027,0.10523234818751592
ONCOGENIC_STK33_NOMO_UP,6.030230571183384e-05,0.2623389693165035,7.699850897210411e-05,0.0042045846252373184,0.5613456192333549,0.005649238057361257,0.30790190509975685,0.3128304927619474
ONCOGENIC_STK33_SKM_DN,2.6526446873125402e-15,0.002281952461397117,7.302133712280305e-15,2.9928026216170637e-16,0.00019028242721684424,8.395817492567924e-16,0.1375139503485557,0.13913845540460434
ONCOGENIC_STK33_SKM_UP,0.007945655015318652,0.30674290721000674,0.008551572083203564,0.23809424381669875,0.33914169425162377,0.22379230368953865,0.46949046961773605,0.4598696465999076
ONCOGENIC_STK33_UP,5.991824161429629e-05,0.27864077080836924,4.425814436540585e-05,2.911927496431528e-06,0.1860482749769876,2.055308149500343e-06,0.4891515376679721,0.4701575679091005
ONCOGENIC_TBK1.DF_DN,0.00022113976052144557,0.33097229649590953,0.00020371746168409342,6.430942585949838e-05,0.6320928289248959,5.427498774999972e-05,0.4590829676810214,0.4716369479472931
ONCOGENIC_TBK1.DF_UP,4.671974069973902e-13,0.006851439438043414,6.931363312278077e-13,1.1571037610948642e-13,0.0066588771979972025,2.48171677690655e-13,0.1375139503485557,0.14595854552261928
ONCOGENIC_TBK1.DN.48HRS_DN,1.186566529912778e-06,0.2849836780563345,8.388342297872145e-07,2.2534240964471112e-07,0.37657180454020855,1.9445026720170728e-07,0.4331549572525085,0.4502557087664761
ONCOGENIC_TBK1.DN.48HRS_UP,1.882979081077768e-05,0.0011582115148705138,3.7856473308927646e-05,0.0004343622663167591,0.00525556793745096,0.0007652039437292943,0.13805234895654755,0.16193165109203853
ONCOGENIC_TGFB_UP.V1_DN,9.94458476626588e-21,0.04570488819832569,9.904411039623162e-21,6.531770729707144e-17,0.0619208307182349,8.201303025685587e-17,0.13805234895654755,0.1584939204895818
ONCOGENIC_TGFB_UP.V1_UP,1.0814026576985408e-12,0.3189013154007115,9.490851097377408e-13,1.8500027328171962e-07,0.19348541001213534,1.8010814696998406e-07,0.4891515376679721,0.464012616389096
ONCOGENIC_VEGF_A_UP.V1_DN,3.4034281822900626e-07,0.009658722268127848,8.011718409623687e-07,2.1254086859052228e-07,0.03677281742286212,3.2559566628380475e-07,0.1375139503485557,0.15611590841872608
ONCOGENIC_VEGF_A_UP.V1_UP,0.0006445126443080729,0.2955392368970136,0.0005946267311354825,2.100263196982941e-05,0.3740027298959937,1.824758932430545e-05,0.376763172139128,0.3821578650527427
ONCOGENIC_WNT_UP.V1_DN,7.304875814581883e-28,0.009249652864043004,1.5008466558745643e-27,7.022327860660786e-27,0.0057928424419665826,1.4307851252162953e-26,0.12678372603082808,0.12678827436949175
ONCOGENIC_WNT_UP.V1_UP,0.07532827020176053,0.07649680921444005,0.0904679014624706,0.12838408931949147,0.0772838460655117,0.15158593323497407,0.22194172365241488,0.23739103979201576
ONCOGENIC_YAP1_DN,3.3120022147222687e-22,0.05506752765212514,1.08124397334594e-21,2.3406976996048173e-11,0.13223508759624036,2.853935582697473e-11,0.22194172365241488,0.23954978125456836
ONCOGENIC_YAP1_UP,8.146728188940697e-44,0.008691292436585486,5.029409478489971e-44,1.970382022916321e-37,0.008760725144908537,4.021899668660912e-37,0.099949516605691,0.11819562162661325
